errD_fake,errD_real,errG
0.06957976520061493,-0.0625898689031601,-0.07097427546977997
0.07285106182098389,-0.06488363444805145,-0.07284653186798096
0.07027295231819153,-0.06758668273687363,-0.07067976891994476
0.07998301088809967,-0.06971577554941177,-0.08012175559997559
0.07688411325216293,-0.07407262921333313,-0.0781942754983902
0.07722611725330353,-0.07621674239635468,-0.07763652503490448
0.07974833250045776,-0.08003740012645721,-0.08015765249729156
0.08073090761899948,-0.07770038396120071,-0.08166076987981796
0.08314009755849838,-0.07791288197040558,-0.08398184925317764
0.08243322372436523,-0.07454494386911392,-0.08227083832025528
0.07894688099622726,-0.0801478922367096,-0.07938558608293533
0.0822158083319664,-0.08452914655208588,-0.08271545171737671
0.08329106867313385,-0.08487289398908615,-0.08258190006017685
0.08655983209609985,-0.086313396692276,-0.08650481700897217
0.08739284425973892,-0.0887208804488182,-0.087970070540905
0.08757778257131577,-0.09432432055473328,-0.08499214053153992
0.0918390154838562,-0.09563480317592621,-0.0935697928071022
0.08797281980514526,-0.09741078317165375,-0.08953052759170532
0.09066272526979446,-0.10283707827329636,-0.09055810421705246
0.09677720069885254,-0.10172267258167267,-0.09713245183229446
0.09186749905347824,-0.1042332574725151,-0.0924161747097969
0.09426804631948471,-0.10850422084331512,-0.09414282441139221
0.09606169164180756,-0.11186780780553818,-0.09822163730859756
0.09797024726867676,-0.1114860251545906,-0.09917104244232178
0.10084861516952515,-0.11484427005052567,-0.10172674059867859
0.09936948865652084,-0.11511455476284027,-0.10046572238206863
0.10190395265817642,-0.122141994535923,-0.10275506228208542
0.10434717684984207,-0.11703159660100937,-0.10473915189504623
0.10388650000095367,-0.11780384182929993,-0.10434567928314209
0.10542193800210953,-0.11495551466941833,-0.10618157684803009
0.09832577407360077,-0.11645770817995071,-0.10619033128023148
0.10283436626195908,-0.11867426335811615,-0.10282548516988754
0.10188306868076324,-0.12309397757053375,-0.10190466046333313
0.1141042560338974,-0.12309060245752335,-0.11461231857538223
0.11473513394594193,-0.12812431156635284,-0.11527878046035767
0.11138781905174255,-0.12372511625289917,-0.1118929460644722
0.10554356873035431,-0.12517105042934418,-0.10600532591342926
0.11338154971599579,-0.12613742053508759,-0.11395543068647385
0.11585159599781036,-0.12699206173419952,-0.1163768619298935
0.11780820786952972,-0.1275375932455063,-0.11832370609045029
0.11315181851387024,-0.13254649937152863,-0.11371327936649323
0.12037316709756851,-0.13365741074085236,-0.1209249347448349
0.11887232959270477,-0.13538450002670288,-0.12008462101221085
0.12128220498561859,-0.13531051576137543,-0.12247483432292938
0.12083598971366882,-0.13773706555366516,-0.12155591696500778
0.12488117069005966,-0.1404825896024704,-0.12758097052574158
0.12093348801136017,-0.1407594382762909,-0.12230943143367767
0.12672433257102966,-0.1451949030160904,-0.12778344750404358
0.1272447109222412,-0.14461642503738403,-0.1283949911594391
0.12792901694774628,-0.14767266809940338,-0.12868034839630127
0.1303625851869583,-0.14849062263965607,-0.13044756650924683
0.12597587704658508,-0.14741402864456177,-0.12771263718605042
0.12659519910812378,-0.1482745110988617,-0.1276310384273529
0.13356134295463562,-0.14945122599601746,-0.1352432817220688
0.13429035246372223,-0.15158593654632568,-0.1354169249534607
0.1338139921426773,-0.15295642614364624,-0.13498754799365997
0.13515545427799225,-0.15399456024169922,-0.13612359762191772
0.1415860652923584,-0.15754219889640808,-0.1427803635597229
0.14069877564907074,-0.15966066718101501,-0.1420765221118927
0.14593827724456787,-0.16175293922424316,-0.14687025547027588
0.14054729044437408,-0.1664821356534958,-0.13829606771469116
0.1478196531534195,-0.16684918105602264,-0.14894814789295197
0.14414364099502563,-0.16894656419754028,-0.14510026574134827
0.15186092257499695,-0.16584302484989166,-0.15300105512142181
0.1411120593547821,-0.16486471891403198,-0.14200271666049957
0.15347740054130554,-0.1672072410583496,-0.15442810952663422
0.14467617869377136,-0.16893599927425385,-0.1450231373310089
0.15061019361019135,-0.17078109085559845,-0.1515880823135376
0.15476907789707184,-0.1727479249238968,-0.15500861406326294
0.15431556105613708,-0.1753905713558197,-0.1561770737171173
0.15628951787948608,-0.17707589268684387,-0.15729348361492157
0.1604466438293457,-0.1774473339319229,-0.1614145189523697
0.15879938006401062,-0.17831236124038696,-0.1594388782978058
0.1568894237279892,-0.1794809252023697,-0.15702225267887115
0.15758781135082245,-0.18047162890434265,-0.1589093804359436
0.1613057553768158,-0.18196293711662292,-0.1700715869665146
0.16095922887325287,-0.18348416686058044,-0.16102100908756256
0.15642063319683075,-0.18477344512939453,-0.1568911224603653
0.1723288595676422,-0.18570315837860107,-0.16637000441551208
0.1608525514602661,-0.1807546615600586,-0.16498102247714996
0.16537407040596008,-0.18906529247760773,-0.16673630475997925
0.16720129549503326,-0.19046051800251007,-0.16786892712116241
0.16944549977779388,-0.19171181321144104,-0.1706448197364807
0.16870982944965363,-0.19356054067611694,-0.16820764541625977
0.1694289743900299,-0.19049884378910065,-0.16927851736545563
0.17080898582935333,-0.1948997676372528,-0.17019057273864746
0.16839691996574402,-0.19637516140937805,-0.16790850460529327
0.17122533917427063,-0.19871193170547485,-0.16695557534694672
0.1715153455734253,-0.20455601811408997,-0.17187702655792236
0.17372317612171173,-0.19180481135845184,-0.17586828768253326
0.17540723085403442,-0.19798463582992554,-0.17292079329490662
0.15965792536735535,-0.19714409112930298,-0.16194188594818115
0.17588306963443756,-0.20332537591457367,-0.17939400672912598
0.17844219505786896,-0.20608173310756683,-0.17866750061511993
0.1741054505109787,-0.20487168431282043,-0.17551776766777039
0.1763123720884323,-0.20919625461101532,-0.17632335424423218
0.17470139265060425,-0.20780545473098755,-0.17509226500988007
0.18629343807697296,-0.20859654247760773,-0.18810448050498962
0.18427151441574097,-0.2110038846731186,-0.1855928897857666
0.18666356801986694,-0.21319693326950073,-0.18696993589401245
0.18461765348911285,-0.21723826229572296,-0.184393972158432
0.187125101685524,-0.21391084790229797,-0.18872246146202087
0.1861264407634735,-0.21409432590007782,-0.1877659261226654
0.1920405477285385,-0.2059534192085266,-0.19156035780906677
0.19578184187412262,-0.2166634500026703,-0.19489769637584686
0.1868477165699005,-0.2157493531703949,-0.19309964776039124
0.2003622055053711,-0.2196975201368332,-0.20186786353588104
0.2023635357618332,-0.22089993953704834,-0.20298732817173004
0.19848737120628357,-0.2220139503479004,-0.19743035733699799
0.20279622077941895,-0.2259293794631958,-0.20021913945674896
0.18958818912506104,-0.2261270433664322,-0.19147461652755737
0.19815753400325775,-0.22596633434295654,-0.19876252114772797
0.19858628511428833,-0.22623372077941895,-0.2006402164697647
0.19090861082077026,-0.22725409269332886,-0.19134561717510223
0.19973284006118774,-0.22866806387901306,-0.20250609517097473
0.2053472250699997,-0.22797374427318573,-0.20648308098316193
0.21111728250980377,-0.2313583642244339,-0.2115280032157898
0.21037454903125763,-0.23390166461467743,-0.20788176357746124
0.207133486866951,-0.23693236708641052,-0.20521920919418335
0.2065541297197342,-0.23405617475509644,-0.2046927809715271
0.2000432014465332,-0.23461388051509857,-0.20733141899108887
0.20617449283599854,-0.2362290471792221,-0.2042374163866043
0.21157220005989075,-0.2373412698507309,-0.21612751483917236
0.21810847520828247,-0.2355663776397705,-0.2195093184709549
0.21600091457366943,-0.23041407763957977,-0.21719467639923096
0.2251604199409485,-0.23952540755271912,-0.226065531373024
0.21637281775474548,-0.24088071286678314,-0.21666470170021057
0.2194918692111969,-0.24277490377426147,-0.21646103262901306
0.2062513530254364,-0.24392426013946533,-0.20742829144001007
0.2022171914577484,-0.24454109370708466,-0.20245197415351868
0.21800734102725983,-0.2457335889339447,-0.2232978492975235
0.19480480253696442,-0.24102181196212769,-0.19795818626880646
0.21954065561294556,-0.24568264186382294,-0.22095908224582672
0.23474659025669098,-0.24270515143871307,-0.23614822328090668
0.2294185310602188,-0.24963955581188202,-0.23018911480903625
0.23425734043121338,-0.24371735751628876,-0.23946011066436768
0.2343178391456604,-0.2553473114967346,-0.2359100729227066
0.24290502071380615,-0.24944166839122772,-0.24434013664722443
0.2325345277786255,-0.2518942058086395,-0.23324568569660187
0.22673462331295013,-0.25660911202430725,-0.22752436995506287
0.2423127293586731,-0.25948870182037354,-0.24275435507297516
0.24633249640464783,-0.26024770736694336,-0.24621598422527313
0.2424488365650177,-0.2614467740058899,-0.24349918961524963
0.2413000613451004,-0.25780436396598816,-0.2434619963169098
0.23058971762657166,-0.26612332463264465,-0.23110710084438324
0.23479947447776794,-0.26979905366897583,-0.23547501862049103
0.23228485882282257,-0.2674561142921448,-0.23290900886058807
0.24494929611682892,-0.2704223692417145,-0.24588944017887115
0.24963738024234772,-0.2671981751918793,-0.25051984190940857
0.24958817660808563,-0.2655264437198639,-0.2498888522386551
0.2527082860469818,-0.27329421043395996,-0.25246530771255493
0.24084487557411194,-0.27570459246635437,-0.24134843051433563
0.2488330900669098,-0.27987152338027954,-0.24919897317886353
0.2502916753292084,-0.2743193507194519,-0.2508165240287781
0.2364887148141861,-0.2777036726474762,-0.23654663562774658
0.2459152787923813,-0.2822153568267822,-0.24580660462379456
0.2513774037361145,-0.2809780240058899,-0.2520183324813843
0.24464386701583862,-0.2825808823108673,-0.24921442568302155
0.2565871477127075,-0.28711798787117004,-0.25834381580352783
0.24567832052707672,-0.2844432592391968,-0.2467242330312729
0.2581029534339905,-0.2885672450065613,-0.25917208194732666
0.25816744565963745,-0.290292888879776,-0.25615397095680237
0.2467769980430603,-0.2940008044242859,-0.24473059177398682
0.2624942362308502,-0.29265347123146057,-0.2593703866004944
0.2526090443134308,-0.2888224720954895,-0.25664645433425903
0.254742830991745,-0.29434677958488464,-0.2623746395111084
0.261628121137619,-0.2975594699382782,-0.2609998285770416
0.24908919632434845,-0.29707881808280945,-0.24705402553081512
0.2630753517150879,-0.3008963167667389,-0.2715325355529785
0.26954424381256104,-0.30023863911628723,-0.26990580558776855
0.2639993131160736,-0.29830384254455566,-0.26472267508506775
0.2780328691005707,-0.30102047324180603,-0.27886179089546204
0.2683864235877991,-0.3022732734680176,-0.2692539691925049
0.27690109610557556,-0.30353686213493347,-0.277538001537323
0.26721057295799255,-0.30379876494407654,-0.26812803745269775
0.2660851776599884,-0.3071557283401489,-0.26675620675086975
0.2739540934562683,-0.30644354224205017,-0.2744843065738678
0.267935186624527,-0.30876943469047546,-0.26881542801856995
0.27517837285995483,-0.31070569157600403,-0.2759316861629486
0.2653132677078247,-0.3160988390445709,-0.26579749584198
0.2788107097148895,-0.31321340799331665,-0.2774119973182678
0.27204349637031555,-0.30807119607925415,-0.27286750078201294
0.278564989566803,-0.320099800825119,-0.2799050211906433
0.26823481917381287,-0.314846932888031,-0.26883912086486816
0.2821910083293915,-0.31658995151519775,-0.2826198637485504
0.26901406049728394,-0.31728094816207886,-0.27053481340408325
0.2777306139469147,-0.31980645656585693,-0.2799660861492157
0.2863752543926239,-0.31848329305648804,-0.2877742350101471
0.28077659010887146,-0.32223957777023315,-0.2818834185600281
0.27853521704673767,-0.3196360170841217,-0.2804083228111267
0.2840310335159302,-0.32377225160598755,-0.2854446470737457
0.29848313331604004,-0.3226014971733093,-0.2994900047779083
0.2897724509239197,-0.3233484625816345,-0.2908805012702942
0.29490897059440613,-0.32455021142959595,-0.295472651720047
0.2835850715637207,-0.3258379101753235,-0.283836305141449
0.286268413066864,-0.3271036446094513,-0.2893092930316925
0.3021298944950104,-0.3285577595233917,-0.30229493975639343
0.2986358106136322,-0.33179545402526855,-0.2991864085197449
0.2848634123802185,-0.3299330770969391,-0.2854020893573761
0.29120782017707825,-0.3306448459625244,-0.2913189232349396
0.2969844937324524,-0.33208292722702026,-0.2952418923377991
0.29427656531333923,-0.333522766828537,-0.2960144579410553
0.29180222749710083,-0.33498647809028625,-0.294210284948349
0.3038959801197052,-0.33668747544288635,-0.3053804934024811
0.293026864528656,-0.33800962567329407,-0.2944789528846741
0.2956300377845764,-0.33928990364074707,-0.2953000068664551
0.3055342733860016,-0.3400375247001648,-0.305931955575943
0.30049964785575867,-0.34108293056488037,-0.2994624376296997
0.31006354093551636,-0.3407754600048065,-0.3102070391178131
0.3017580509185791,-0.3439624011516571,-0.3035224378108978
0.2875884473323822,-0.34610578417778015,-0.3020308315753937
0.3027484118938446,-0.3471517264842987,-0.30292633175849915
0.31441372632980347,-0.34791791439056396,-0.3150133192539215
0.3125933110713959,-0.34892624616622925,-0.3133118152618408
0.31426477432250977,-0.3497064411640167,-0.3148101568222046
0.3069151043891907,-0.35058292746543884,-0.30761653184890747
0.30104607343673706,-0.35152894258499146,-0.3017085790634155
0.3250278830528259,-0.3526776134967804,-0.3257370591163635
0.31465381383895874,-0.3537648022174835,-0.3157161474227905
0.3163704574108124,-0.354777067899704,-0.31801772117614746
0.3177306056022644,-0.35568147897720337,-0.31842878460884094
0.3200990557670593,-0.3567400276660919,-0.32094675302505493
0.31147295236587524,-0.3579537868499756,-0.31418344378471375
0.3294394612312317,-0.35986751317977905,-0.3302587568759918
0.31740641593933105,-0.36088237166404724,-0.31866276264190674
0.31518587470054626,-0.36158332228660583,-0.31373077630996704
0.295548677444458,-0.3521985709667206,-0.2984101176261902
0.32854199409484863,-0.3651149272918701,-0.32717087864875793
0.33191370964050293,-0.36668479442596436,-0.332353800535202
0.33217430114746094,-0.36695948243141174,-0.3330494165420532
0.3296068608760834,-0.3670654892921448,-0.3301076889038086
0.3318554162979126,-0.37121206521987915,-0.33291035890579224
0.32685568928718567,-0.3758760690689087,-0.3280109763145447
0.3308090567588806,-0.37348267436027527,-0.3321942687034607
0.3408476710319519,-0.37296298146247864,-0.34202897548675537
0.33536672592163086,-0.3734801411628723,-0.33581221103668213
0.34054696559906006,-0.3718818724155426,-0.34108689427375793
0.3350985050201416,-0.3778555393218994,-0.33571794629096985
0.33377110958099365,-0.38348525762557983,-0.3346681296825409
0.33374258875846863,-0.38150885701179504,-0.3331710696220398
0.3293175995349884,-0.3803565800189972,-0.33933529257774353
0.33788663148880005,-0.38237830996513367,-0.338585764169693
0.3487701416015625,-0.38642609119415283,-0.34944531321525574
0.3445444405078888,-0.38292330503463745,-0.3453543186187744
0.3190465271472931,-0.3848098814487457,-0.31922081112861633
0.3336144983768463,-0.3855310082435608,-0.33439794182777405
0.3509465754032135,-0.3862190842628479,-0.35151708126068115
0.3404788672924042,-0.3868500590324402,-0.3411776125431061
0.34707242250442505,-0.38797932863235474,-0.3472592830657959
0.33446651697158813,-0.3891894817352295,-0.33479368686676025
0.3414216935634613,-0.3902626037597656,-0.3422218859195709
0.35652443766593933,-0.3915841579437256,-0.35736674070358276
0.35484856367111206,-0.39285242557525635,-0.3551563024520874
0.3454670310020447,-0.3953096270561218,-0.34656697511672974
0.3524685800075531,-0.39531210064888,-0.35325250029563904
0.35686609148979187,-0.3970004916191101,-0.3556901216506958
0.3508119583129883,-0.3962934911251068,-0.352234810590744
0.3542684316635132,-0.3816787302494049,-0.35527995228767395
0.35476332902908325,-0.3993528485298157,-0.3557983338832855
0.3560052514076233,-0.4009735584259033,-0.35617414116859436
0.3553212583065033,-0.4026508331298828,-0.35664042830467224
0.3566713035106659,-0.4040651023387909,-0.3575252890586853
0.35241472721099854,-0.40539413690567017,-0.3534049093723297
0.3589993119239807,-0.40690481662750244,-0.3596339821815491
0.36307886242866516,-0.40718814730644226,-0.36374831199645996
0.36497610807418823,-0.40771400928497314,-0.365089476108551
0.3601315915584564,-0.4097616374492645,-0.3600156605243683
0.36839795112609863,-0.41029414534568787,-0.36874058842658997
0.3672230839729309,-0.41098904609680176,-0.3682645559310913
0.37052586674690247,-0.41245874762535095,-0.37073272466659546
0.3452187180519104,-0.4147166609764099,-0.35809534788131714
0.36337748169898987,-0.4188770353794098,-0.36421167850494385
0.3725208044052124,-0.4137434959411621,-0.3726959228515625
0.36940643191337585,-0.41391468048095703,-0.36985963582992554
0.3894924819469452,-0.41612353920936584,-0.38816460967063904
0.38231122493743896,-0.4073328673839569,-0.3826131820678711
0.3558950424194336,-0.41994354128837585,-0.35670268535614014
0.36826780438423157,-0.42106059193611145,-0.3694383502006531
0.3810030221939087,-0.4218893051147461,-0.38096562027931213
0.37612205743789673,-0.4224269986152649,-0.3767254948616028
0.37877318263053894,-0.42321616411209106,-0.3802126348018646
0.37640511989593506,-0.4237489104270935,-0.37727195024490356
0.3726016581058502,-0.4246833920478821,-0.3733108639717102
0.3766825795173645,-0.42611002922058105,-0.3778489828109741
0.3816085159778595,-0.42717206478118896,-0.38209980726242065
0.38052821159362793,-0.4264863133430481,-0.3901137411594391
0.3807055652141571,-0.42827680706977844,-0.3816513419151306
0.3909114599227905,-0.42832159996032715,-0.39105382561683655
0.3888801336288452,-0.42869532108306885,-0.3897348642349243
0.3965606987476349,-0.43276095390319824,-0.39695149660110474
0.39171722531318665,-0.4333525598049164,-0.3924959897994995
0.39376935362815857,-0.4346824288368225,-0.3938731253147125
0.3955424726009369,-0.43582338094711304,-0.3962010443210602
0.3872039020061493,-0.43663033843040466,-0.38773196935653687
0.3949306607246399,-0.4357789158821106,-0.396308034658432
0.3988170325756073,-0.4351325035095215,-0.3989191949367523
0.39367470145225525,-0.44159257411956787,-0.3938247561454773
0.3954715132713318,-0.44296279549598694,-0.39576199650764465
0.4013020992279053,-0.44367852807044983,-0.4020092487335205
0.400491863489151,-0.44465577602386475,-0.4010276794433594
0.3964936137199402,-0.4454621970653534,-0.3966575264930725
0.38892272114753723,-0.4463927149772644,-0.3893880248069763
0.3993041217327118,-0.44733598828315735,-0.3998267948627472
0.4102373719215393,-0.4482693076133728,-0.40963664650917053
0.40202099084854126,-0.448804646730423,-0.4022376835346222
0.38963547348976135,-0.44909167289733887,-0.3896840512752533
0.40671128034591675,-0.442310094833374,-0.4074598252773285
0.4061777889728546,-0.45169007778167725,-0.4068106412887573
0.39873006939888,-0.4487256705760956,-0.4005546569824219
0.39224663376808167,-0.44790396094322205,-0.39185330271720886
0.4039606750011444,-0.4543316960334778,-0.4043716788291931
0.4105718731880188,-0.45620661973953247,-0.411364883184433
0.4172426760196686,-0.45781227946281433,-0.4172150492668152
0.3887883424758911,-0.4590120315551758,-0.38970693945884705
0.4012979567050934,-0.4599536657333374,-0.40072208642959595
0.396226167678833,-0.46051886677742004,-0.40422895550727844
0.4182187020778656,-0.4615994989871979,-0.41837432980537415
0.41424694657325745,-0.46258479356765747,-0.4131476581096649
0.41303199529647827,-0.4582739472389221,-0.4133545160293579
0.42119100689888,-0.4592982530593872,-0.4216466546058655
0.4165136218070984,-0.46376916766166687,-0.4173845052719116
0.4201042354106903,-0.4664946496486664,-0.42068198323249817
0.4093146026134491,-0.46790382266044617,-0.40899330377578735
0.4270014762878418,-0.46888095140457153,-0.42788782715797424
0.4150569438934326,-0.46811261773109436,-0.41514337062835693
0.42243480682373047,-0.46822890639305115,-0.42273613810539246
0.41463708877563477,-0.4682134985923767,-0.41649895906448364
0.42896485328674316,-0.4711337089538574,-0.42983564734458923
0.42770034074783325,-0.473617821931839,-0.42615312337875366
0.42686358094215393,-0.47405093908309937,-0.42689961194992065
0.42607107758522034,-0.4748951494693756,-0.42603662610054016
0.42824363708496094,-0.4757881760597229,-0.4290139973163605
0.42044195532798767,-0.4765540659427643,-0.42180997133255005
0.42048200964927673,-0.4774191081523895,-0.4208204746246338
0.4294596016407013,-0.4788857698440552,-0.4297560155391693
0.42316770553588867,-0.48005804419517517,-0.42404186725616455
0.42238447070121765,-0.4816432595252991,-0.42301177978515625
0.3992207944393158,-0.4832236170768738,-0.3997444212436676
0.43083181977272034,-0.4849308133125305,-0.4319632351398468
0.4323973059654236,-0.48542553186416626,-0.43385663628578186
0.43841612339019775,-0.48590052127838135,-0.43910539150238037
0.430612713098526,-0.48832741379737854,-0.4315398633480072
0.4337669014930725,-0.4896615445613861,-0.4333683252334595
0.42613935470581055,-0.48638659715652466,-0.4268686771392822
0.4401019513607025,-0.48860928416252136,-0.44165894389152527
0.4451490640640259,-0.4920353293418884,-0.44530001282691956
0.45043042302131653,-0.4953919053077698,-0.44961121678352356
0.44235408306121826,-0.4965735375881195,-0.4427059292793274
0.43830254673957825,-0.4972859025001526,-0.43890032172203064
0.43317651748657227,-0.49829426407814026,-0.4335628151893616
0.4430240988731384,-0.49946680665016174,-0.44295623898506165
0.4539874494075775,-0.5003932118415833,-0.45497289299964905
0.45746150612831116,-0.5015057921409607,-0.45682230591773987
0.45198604464530945,-0.5028098821640015,-0.4519740343093872
0.4430354833602905,-0.5038986802101135,-0.4437883198261261
0.44172021746635437,-0.504690408706665,-0.4425410330295563
0.4512905180454254,-0.5057889223098755,-0.45086637139320374
0.44961312413215637,-0.5056922435760498,-0.4493274986743927
0.4526052474975586,-0.5062604546546936,-0.452084481716156
0.4384693503379822,-0.5061659812927246,-0.43907788395881653
0.4628257751464844,-0.5041794180870056,-0.4566469192504883
0.4502573609352112,-0.5082088112831116,-0.45113325119018555
0.4709223508834839,-0.5096884965896606,-0.47121313214302063
0.4603320360183716,-0.5113989114761353,-0.4590335190296173
0.452860027551651,-0.5127279758453369,-0.4498254656791687
0.4608445167541504,-0.5137874484062195,-0.46115267276763916
0.4617844820022583,-0.5144554376602173,-0.46262556314468384
0.45681121945381165,-0.5157967805862427,-0.457641065120697
0.461442232131958,-0.5161478519439697,-0.46185168623924255
0.4654260575771332,-0.5172563195228577,-0.46864062547683716
0.4622660279273987,-0.5117086172103882,-0.4615876376628876
0.46483686566352844,-0.5194684267044067,-0.46201109886169434
0.46570533514022827,-0.5203222036361694,-0.4667201042175293
0.474841833114624,-0.5213884115219116,-0.47611236572265625
0.47029486298561096,-0.5224707722663879,-0.4715639352798462
0.4602400064468384,-0.5223184823989868,-0.46434110403060913
0.4740930199623108,-0.5230442881584167,-0.47358521819114685
0.468347430229187,-0.5247612595558167,-0.46788984537124634
0.4699161648750305,-0.5259483456611633,-0.46985331177711487
0.4642198085784912,-0.5264754295349121,-0.4644506871700287
0.4684655964374542,-0.5273127555847168,-0.46962541341781616
0.47181248664855957,-0.5080397725105286,-0.47319620847702026
0.4771234691143036,-0.5297582149505615,-0.47687828540802
0.47158628702163696,-0.5303475856781006,-0.47263795137405396
0.47377869486808777,-0.5327346920967102,-0.4744921922683716
0.47399210929870605,-0.5284512639045715,-0.47544148564338684
0.4640401005744934,-0.5360096096992493,-0.4648232161998749
0.4846607446670532,-0.5373883843421936,-0.48433420062065125
0.48982053995132446,-0.538212776184082,-0.4906579256057739
0.4841831624507904,-0.539763867855072,-0.484328031539917
0.4840437173843384,-0.5413153767585754,-0.47772809863090515
0.4858589470386505,-0.5426378846168518,-0.48646649718284607
0.47960713505744934,-0.5437736511230469,-0.47945791482925415
0.482840359210968,-0.5447540283203125,-0.4830087721347809
0.47778987884521484,-0.5451046824455261,-0.4788432717323303
0.4915270507335663,-0.5421487092971802,-0.48919788002967834
0.4846785366535187,-0.547610878944397,-0.4854348599910736
0.4801557660102844,-0.5483682155609131,-0.4798750877380371
0.49742257595062256,-0.5493345260620117,-0.4986891448497772
0.4937439560890198,-0.5498003363609314,-0.49451807141304016
0.4932917356491089,-0.5453249216079712,-0.4935576319694519
0.48343366384506226,-0.5534032583236694,-0.4841621220111847
0.4917507469654083,-0.5547724962234497,-0.49252718687057495
0.48540058732032776,-0.5526594519615173,-0.48640865087509155
0.4924454092979431,-0.5563644766807556,-0.493605375289917
0.5014499425888062,-0.5587470531463623,-0.5083422064781189
0.49046340584754944,-0.5596894025802612,-0.49175432324409485
0.49829912185668945,-0.5608897805213928,-0.49922239780426025
0.508092999458313,-0.5626407861709595,-0.5084949731826782
0.5010654330253601,-0.5641549229621887,-0.5010602474212646
0.5015928149223328,-0.5658308267593384,-0.5023328065872192
0.5035718679428101,-0.5658194422721863,-0.5039547681808472
0.5156165957450867,-0.5662845373153687,-0.5166323781013489
0.5079306364059448,-0.5687863230705261,-0.5088242888450623
0.5051422715187073,-0.5704181790351868,-0.5058145523071289
0.5033833384513855,-0.5720601677894592,-0.5045465230941772
0.5170385241508484,-0.5736991167068481,-0.5176176428794861
0.52054762840271,-0.5749238729476929,-0.5213761329650879
0.5128201246261597,-0.57639479637146,-0.5125672817230225
0.5053249597549438,-0.5778706669807434,-0.5059911012649536
0.5269469022750854,-0.5792191624641418,-0.518765389919281
0.5185859203338623,-0.5795692205429077,-0.5183648467063904
0.5132644772529602,-0.5811249613761902,-0.5131599307060242
0.5193379521369934,-0.5826712250709534,-0.5202845931053162
0.5467769503593445,-0.5840522050857544,-0.5479915738105774
0.5227233171463013,-0.5846805572509766,-0.5240345001220703
0.5121354460716248,-0.5830100178718567,-0.5127302408218384
0.5308123826980591,-0.5850183367729187,-0.5313092470169067
0.5298551321029663,-0.58713299036026,-0.5301756262779236
0.5276056528091431,-0.5892944931983948,-0.5285041928291321
0.5277776122093201,-0.5913611650466919,-0.5281935930252075
0.5238690972328186,-0.592919647693634,-0.5245855450630188
0.5299733281135559,-0.5944988131523132,-0.530602216720581
0.534936785697937,-0.5956087708473206,-0.5361737012863159
0.5537955164909363,-0.5969677567481995,-0.5543360114097595
0.49555033445358276,-0.5970181226730347,-0.5278613567352295
0.5471256375312805,-0.5921635031700134,-0.5475096702575684
0.5372064709663391,-0.5954681038856506,-0.5384959578514099
0.5401864647865295,-0.5801947712898254,-0.539271891117096
0.5307244062423706,-0.602266788482666,-0.530645489692688
0.5306655764579773,-0.6047545671463013,-0.5312596559524536
0.5415716171264648,-0.6060596108436584,-0.5424837470054626
0.542890191078186,-0.6055333018302917,-0.5434429049491882
0.5344254374504089,-0.6047171354293823,-0.535615861415863
0.5425421595573425,-0.6076414585113525,-0.5427180528640747
0.5413618683815002,-0.6099403500556946,-0.5423375368118286
0.5410013198852539,-0.6113618016242981,-0.5408611297607422
0.5513998866081238,-0.6129339933395386,-0.5512602925300598
0.5507098436355591,-0.6140812635421753,-0.5501116514205933
0.5525804758071899,-0.6153889298439026,-0.553590714931488
0.5495282411575317,-0.6166085004806519,-0.543520450592041
0.5516980886459351,-0.6186836957931519,-0.5513872504234314
0.544404149055481,-0.6195483207702637,-0.5452072620391846
0.5535162687301636,-0.6208965182304382,-0.5542552471160889
0.5612891316413879,-0.6218839287757874,-0.5613349676132202
0.5565054416656494,-0.6223914623260498,-0.556818962097168
0.5701978206634521,-0.624420166015625,-0.570756733417511
0.542782723903656,-0.6257182955741882,-0.5438494682312012
0.5606546998023987,-0.6270309090614319,-0.5605555176734924
0.573414146900177,-0.6282868385314941,-0.5742168426513672
0.5635238289833069,-0.6292831301689148,-0.5639603137969971
0.5598341226577759,-0.6302077770233154,-0.5602514743804932
0.5763552188873291,-0.6315208673477173,-0.5752536058425903
0.5640432238578796,-0.6322003602981567,-0.5652945637702942
0.5626490116119385,-0.6334285736083984,-0.5621645450592041
0.5460063815116882,-0.6346516013145447,-0.5683635473251343
0.5765768885612488,-0.6353091597557068,-0.5772823691368103
0.565083920955658,-0.6352851390838623,-0.5635430216789246
0.5744445323944092,-0.634061336517334,-0.5757188200950623
0.573948860168457,-0.640803873538971,-0.574336588382721
0.5942386984825134,-0.6354550719261169,-0.591159462928772
0.5736717581748962,-0.6391171216964722,-0.5736960172653198
0.5882997512817383,-0.6428614258766174,-0.5876880288124084
0.571967363357544,-0.6441310048103333,-0.5716519355773926
0.5735046863555908,-0.6444314122200012,-0.5716531872749329
0.5826905965805054,-0.6438488364219666,-0.5835332870483398
0.569740891456604,-0.6452457308769226,-0.5704256296157837
0.5825363397598267,-0.6463274359703064,-0.583633542060852
0.5826245546340942,-0.6477843523025513,-0.5831902027130127
0.5854464769363403,-0.6492692828178406,-0.5857551097869873
0.578490674495697,-0.6505717635154724,-0.5958062410354614
0.5856625437736511,-0.6514190435409546,-0.5861486196517944
0.5802810192108154,-0.6523911356925964,-0.5804803371429443
0.570760190486908,-0.6532052159309387,-0.5692493915557861
0.5859089493751526,-0.6533467173576355,-0.5861834287643433
0.5826335549354553,-0.6529573798179626,-0.5823918581008911
0.5987842679023743,-0.6551656126976013,-0.5970184803009033
0.5803695321083069,-0.6562736630439758,-0.58083176612854
0.6007384061813354,-0.6573027968406677,-0.6004817485809326
0.5900276303291321,-0.6583021283149719,-0.588371753692627
0.5857937335968018,-0.6574954390525818,-0.5833839774131775
0.5896719694137573,-0.6572749614715576,-0.5901665091514587
0.591305136680603,-0.6567134261131287,-0.5921456813812256
0.6072885990142822,-0.6579346060752869,-0.6075270771980286
0.5986128449440002,-0.6592757105827332,-0.5985827445983887
0.5892090201377869,-0.6605726480484009,-0.5885382890701294
0.5985767841339111,-0.6615171432495117,-0.598240852355957
0.5980575680732727,-0.662331223487854,-0.5983165502548218
0.5923856496810913,-0.6640500426292419,-0.5929214358329773
0.5981265306472778,-0.6654295325279236,-0.5982939004898071
0.5870179533958435,-0.6665408611297607,-0.587364673614502
0.5902424454689026,-0.6677979230880737,-0.5907763242721558
0.581299901008606,-0.6695535182952881,-0.58070969581604
0.5849997997283936,-0.671011209487915,-0.5859946012496948
0.6048710942268372,-0.6721003651618958,-0.6051121950149536
0.6074443459510803,-0.6709914207458496,-0.6073483228683472
0.6172804832458496,-0.6737310886383057,-0.617613673210144
0.6037940979003906,-0.6761893630027771,-0.6037200093269348
0.6164978742599487,-0.6777127385139465,-0.6171026825904846
0.5988267660140991,-0.6788998246192932,-0.59828120470047
0.6100122332572937,-0.6795036792755127,-0.6160854697227478
0.6064337491989136,-0.6802565455436707,-0.605778157711029
0.608321487903595,-0.6808270812034607,-0.6079657673835754
0.5937181711196899,-0.6803679466247559,-0.5959271788597107
0.6220028400421143,-0.682239294052124,-0.620389461517334
0.6070225238800049,-0.6830013990402222,-0.606620728969574
0.6046768426895142,-0.6854241490364075,-0.6043991446495056
0.6122369766235352,-0.6869021058082581,-0.6119838953018188
0.6181021928787231,-0.6883991360664368,-0.6166409850120544
0.6128194332122803,-0.6902273297309875,-0.6130162477493286
0.6214672923088074,-0.6915622353553772,-0.622504472732544
0.6099772453308105,-0.6927217245101929,-0.6103761196136475
0.6103495955467224,-0.6941588521003723,-0.609898030757904
0.6145212054252625,-0.6949690580368042,-0.6141970753669739
0.6230877637863159,-0.6863521933555603,-0.625076949596405
0.6213177442550659,-0.6967248320579529,-0.6315874457359314
0.613593339920044,-0.6977887153625488,-0.6139730215072632
0.6238982081413269,-0.6977589726448059,-0.6243706345558167
0.6134272217750549,-0.6968030333518982,-0.6137259006500244
0.6181868314743042,-0.7003103494644165,-0.6183745265007019
0.6285616159439087,-0.70188969373703,-0.6279294490814209
0.6253068447113037,-0.7035155296325684,-0.6241506338119507
0.6267694234848022,-0.7034403681755066,-0.626261830329895
0.6283993124961853,-0.7041456699371338,-0.6285712718963623
0.6351759433746338,-0.7044538259506226,-0.6345379948616028
0.6247996687889099,-0.7040602564811707,-0.6247300505638123
0.6314792633056641,-0.7049336433410645,-0.6319284439086914
0.6379218697547913,-0.7061667442321777,-0.6383785009384155
0.6352993845939636,-0.7061646580696106,-0.6346294283866882
0.6265975832939148,-0.7086292505264282,-0.6273014545440674
0.6377834677696228,-0.7093456983566284,-0.6454099416732788
0.6357256770133972,-0.7100204229354858,-0.6328323483467102
0.6323807835578918,-0.7106831073760986,-0.6324479579925537
0.6274991035461426,-0.7120980620384216,-0.6282280087471008
0.6335064172744751,-0.7057693600654602,-0.6318327188491821
0.6271025538444519,-0.7147072553634644,-0.6248771548271179
0.6539185047149658,-0.7146966457366943,-0.6533707976341248
0.6466048359870911,-0.7153657674789429,-0.6461787223815918
0.6400899291038513,-0.717061460018158,-0.639226496219635
0.6503371000289917,-0.7181777358055115,-0.6491484045982361
0.6363201141357422,-0.7196045517921448,-0.6388197541236877
0.6386186480522156,-0.7208541035652161,-0.6391823887825012
0.6463219523429871,-0.7223957777023315,-0.6480776071548462
0.6473221182823181,-0.723264753818512,-0.6469144225120544
0.637458324432373,-0.724510669708252,-0.6386918425559998
0.6282796263694763,-0.7257582545280457,-0.6531128883361816
0.6443614959716797,-0.7269912958145142,-0.6449977159500122
0.6424844264984131,-0.7281152009963989,-0.6392108201980591
0.6428789496421814,-0.7250667810440063,-0.6406447887420654
0.6370610594749451,-0.7238770127296448,-0.637291431427002
0.6501255631446838,-0.7237796783447266,-0.6493046879768372
0.6485593318939209,-0.7241201400756836,-0.6456419229507446
0.6400989294052124,-0.7247658371925354,-0.6404954791069031
0.6388260722160339,-0.7260307669639587,-0.6396858096122742
0.6408357620239258,-0.7267074584960938,-0.641921877861023
0.6468960046768188,-0.7277743816375732,-0.6468141674995422
0.6503044962882996,-0.7222025990486145,-0.6506765484809875
0.6567559838294983,-0.7297878861427307,-0.6520242094993591
0.6540876030921936,-0.7248907685279846,-0.6575171947479248
0.6714320182800293,-0.7336627244949341,-0.6712868213653564
0.653171181678772,-0.734046459197998,-0.6521589159965515
0.6546528339385986,-0.7363299131393433,-0.6532833576202393
0.6472328901290894,-0.7376781702041626,-0.6522605419158936
0.6579266786575317,-0.7389929890632629,-0.6584391593933105
0.6595929861068726,-0.7401716709136963,-0.6597741842269897
0.6572909951210022,-0.74103182554245,-0.6571552157402039
0.6618913412094116,-0.7420260906219482,-0.6623185276985168
0.6512259244918823,-0.7431787252426147,-0.6479310989379883
0.6648166179656982,-0.7434160709381104,-0.6653305888175964
0.6715548038482666,-0.7436916828155518,-0.6687859296798706
0.6644926071166992,-0.7445079684257507,-0.6648733615875244
0.6745864748954773,-0.7459437847137451,-0.6744720935821533
0.6571232080459595,-0.7472280263900757,-0.6575099229812622
0.6556341648101807,-0.7484638094902039,-0.6532303690910339
0.6552106738090515,-0.7499054074287415,-0.6562132239341736
0.653133749961853,-0.7506932020187378,-0.6738184094429016
0.672942578792572,-0.7508748769760132,-0.6723824739456177
0.6749404668807983,-0.7513033747673035,-0.6743682026863098
0.6640079617500305,-0.7504709959030151,-0.6640334725379944
0.668879508972168,-0.7516907453536987,-0.6670125722885132
0.6531508564949036,-0.7526814937591553,-0.6521346569061279
0.6636097431182861,-0.7543191909790039,-0.6591604948043823
0.668566107749939,-0.7550481557846069,-0.6707384586334229
0.6614283323287964,-0.7584670186042786,-0.6626119613647461
0.6843410134315491,-0.7599950432777405,-0.684977650642395
0.6627593040466309,-0.7607503533363342,-0.6631292104721069
0.678458571434021,-0.7617136240005493,-0.6781927943229675
0.6843346357345581,-0.7628870606422424,-0.6841351389884949
0.6915281414985657,-0.7639665007591248,-0.6874610185623169
0.671897828578949,-0.7644189596176147,-0.6710920333862305
0.6756101250648499,-0.7646390795707703,-0.6802086234092712
0.6887494921684265,-0.764256477355957,-0.6884361505508423
0.6638433933258057,-0.7658309936523438,-0.6639816164970398
0.674780011177063,-0.7673173546791077,-0.6728829145431519
0.665493905544281,-0.7686736583709717,-0.6663287878036499
0.680988073348999,-0.7702018022537231,-0.6821531057357788
0.6697214841842651,-0.7721714377403259,-0.6685304641723633
0.6954552531242371,-0.7722004652023315,-0.6977385878562927
0.6772497296333313,-0.7725704312324524,-0.6785984039306641
0.6746538877487183,-0.7713810801506042,-0.6760846972465515
0.6938018798828125,-0.7689427137374878,-0.6953146457672119
0.6934204697608948,-0.7734705209732056,-0.6938289403915405
0.7108035683631897,-0.7774765491485596,-0.7078937292098999
0.7074980735778809,-0.779252290725708,-0.7079288363456726
0.7023648023605347,-0.7808955311775208,-0.7022463083267212
0.6679184436798096,-0.7826370000839233,-0.6939772963523865
0.690214991569519,-0.7840135097503662,-0.6909675598144531
0.7015066742897034,-0.7855081558227539,-0.7020105719566345
0.686944305896759,-0.777224063873291,-0.6868059039115906
0.7000988125801086,-0.7870733141899109,-0.700118362903595
0.7037981748580933,-0.7865667343139648,-0.703113853931427
0.710281252861023,-0.7906451225280762,-0.7076147198677063
0.7079076170921326,-0.7919314503669739,-0.7091040015220642
0.707944393157959,-0.7914727926254272,-0.7067299485206604
0.7227982878684998,-0.7934736013412476,-0.7210285067558289
0.7184004187583923,-0.7951293587684631,-0.716193437576294
0.7238821387290955,-0.7965846061706543,-0.7238346934318542
0.6974601745605469,-0.7973306179046631,-0.6974285840988159
0.7103524208068848,-0.7983012795448303,-0.7091420292854309
0.7002511024475098,-0.798875629901886,-0.7003946304321289
0.7174162864685059,-0.7995553016662598,-0.7276557683944702
0.6914103627204895,-0.8002980947494507,-0.6915060877799988
0.7114278078079224,-0.8017157912254333,-0.7098900079727173
0.7091081142425537,-0.8033638596534729,-0.708785891532898
0.7023094892501831,-0.8046472668647766,-0.7030743360519409
0.7193068861961365,-0.8059713244438171,-0.7190756797790527
0.7162008285522461,-0.8049094676971436,-0.7145466208457947
0.7015632390975952,-0.8084760308265686,-0.6999028325080872
0.72182697057724,-0.8100103139877319,-0.7174683213233948
0.7240289449691772,-0.8111354112625122,-0.7250064611434937
0.7118741273880005,-0.8123338222503662,-0.7109502553939819
0.6901991963386536,-0.8131231069564819,-0.6908225417137146
0.7220423817634583,-0.8144656419754028,-0.7227669954299927
0.7164351940155029,-0.8155111074447632,-0.7149564027786255
0.6966862678527832,-0.8166685700416565,-0.6959087252616882
0.7062131762504578,-0.8177147507667542,-0.7060205936431885
0.7348859906196594,-0.8188570737838745,-0.7351990938186646
0.715859055519104,-0.8201875686645508,-0.7155759334564209
0.7417566776275635,-0.8216625452041626,-0.7421097159385681
0.736224889755249,-0.8229260444641113,-0.7364685535430908
0.7255871891975403,-0.8226810693740845,-0.7268683314323425
0.7372743487358093,-0.8218117356300354,-0.7369650602340698
0.7199380993843079,-0.8247343897819519,-0.7175146341323853
0.7283836007118225,-0.8258594274520874,-0.726521372795105
0.7383634448051453,-0.8264579772949219,-0.7369995713233948
0.009931238368153572,-0.012696389108896255,-0.010040171444416046
0.01891394332051277,-0.033841572701931,-0.019256409257650375
0.018968261778354645,-0.03339523822069168,-0.018822969868779182
0.014149852097034454,-0.03995277360081673,-0.015300503931939602
0.01829550787806511,-0.040042098611593246,-0.019461965188384056
0.020985009148716927,-0.047993116080760956,-0.021926192566752434
0.025608500465750694,-0.051106929779052734,-0.025629878044128418
0.026212340220808983,-0.04858245328068733,-0.026856470853090286
0.022889459505677223,-0.04716520011425018,-0.02325793355703354
0.025683922693133354,-0.04495089501142502,-0.02565907873213291
0.02298317477107048,-0.04847373440861702,-0.023127814754843712
0.024374041706323624,-0.049897659569978714,-0.023748112842440605
0.03335381671786308,-0.05198155716061592,-0.033385034650564194
0.02747693471610546,-0.053750112652778625,-0.02393321879208088
0.023478632792830467,-0.057203616946935654,-0.02350712940096855
0.0010184620041400194,-0.058085400611162186,-0.03206341341137886
0.034309372305870056,-0.06297270953655243,-0.0374610461294651
0.039402931928634644,-0.06545992195606232,-0.0394984669983387
0.03917357698082924,-0.05994078516960144,-0.040878430008888245
0.04257518798112869,-0.06556408852338791,-0.039858702570199966
0.04250207543373108,-0.06639093160629272,-0.04317652806639671
0.03986819460988045,-0.06776097416877747,-0.038324180990457535
0.04096226766705513,-0.0683445855975151,-0.04286821186542511
0.040437690913677216,-0.06849296391010284,-0.039183564484119415
0.038392212241888046,-0.06479763239622116,-0.03846890479326248
0.03968876972794533,-0.07049854844808578,-0.04017672687768936
0.03947373852133751,-0.07366139441728592,-0.04299462214112282
0.04668644815683365,-0.0770292729139328,-0.04642497003078461
0.05082908645272255,-0.07567128539085388,-0.05133454129099846
0.047271475195884705,-0.07972071319818497,-0.04621846228837967
0.049756716936826706,-0.08949701488018036,-0.049828216433525085
0.05103631317615509,-0.08624546974897385,-0.04876840114593506
0.052397165447473526,-0.09253726899623871,-0.051007796078920364
0.05184943974018097,-0.08333688229322433,-0.05080026760697365
0.05364743620157242,-0.08546561747789383,-0.05284743383526802
0.053722888231277466,-0.0902399942278862,-0.054276250302791595
0.05355864390730858,-0.09268846362829208,-0.05241777375340462
0.06053939461708069,-0.08892536163330078,-0.05851642042398453
0.046843551099300385,-0.09165437519550323,-0.04844304546713829
0.058399297297000885,-0.09080091863870621,-0.05725274980068207
0.05754513666033745,-0.09113211184740067,-0.055497512221336365
0.10966043919324875,-0.0989689826965332,-0.11141528189182281
0.10965859889984131,-0.10420326143503189,-0.1101197823882103
0.1087208241224289,-0.1060337945818901,-0.10881654173135757
0.11294002085924149,-0.11071410775184631,-0.11347199976444244
0.1090318113565445,-0.11387550085783005,-0.1091114729642868
0.11526519060134888,-0.11304264515638351,-0.11533991992473602
0.11684240400791168,-0.11542948335409164,-0.11761505156755447
0.11565322428941727,-0.11822167783975601,-0.11717447638511658
0.11542490869760513,-0.12308426201343536,-0.11641620099544525
0.1222282126545906,-0.12348079681396484,-0.122848741710186
0.12144386768341064,-0.13014459609985352,-0.12223488837480545
0.12157758325338364,-0.12652914226055145,-0.12368874251842499
0.12296115607023239,-0.12687262892723083,-0.12488419562578201
0.12759174406528473,-0.13100497424602509,-0.12849187850952148
0.1232348382472992,-0.13276779651641846,-0.12408199161291122
0.10897065699100494,-0.13522584736347198,-0.12818896770477295
0.12748034298419952,-0.136977881193161,-0.128114253282547
0.12837550044059753,-0.13877207040786743,-0.1272875815629959
0.12601974606513977,-0.14291176199913025,-0.12814408540725708
0.12942659854888916,-0.1456250101327896,-0.12890172004699707
0.12581348419189453,-0.14714963734149933,-0.12551963329315186
0.13235817849636078,-0.14785753190517426,-0.13206720352172852
0.13120457530021667,-0.14724022150039673,-0.13292944431304932
0.13141103088855743,-0.14722391963005066,-0.13288578391075134
0.13920558989048004,-0.14881962537765503,-0.13862614333629608
0.1367070972919464,-0.15431414544582367,-0.1392909586429596
0.13377584517002106,-0.15669673681259155,-0.13385139405727386
0.13765421509742737,-0.16248798370361328,-0.13847856223583221
0.13617748022079468,-0.15796640515327454,-0.1364312469959259
0.1366642862558365,-0.15733595192432404,-0.138119637966156
0.13157516717910767,-0.15907783806324005,-0.14370977878570557
0.14177453517913818,-0.15828731656074524,-0.141413152217865
0.14646150171756744,-0.15951694548130035,-0.14532369375228882
0.142106294631958,-0.16267715394496918,-0.1420207917690277
0.1466076821088791,-0.16259481012821198,-0.1476781964302063
0.14608119428157806,-0.1651572436094284,-0.14742185175418854
0.1493188589811325,-0.16813044250011444,-0.15034174919128418
0.155206561088562,-0.17235156893730164,-0.15452489256858826
0.14985868334770203,-0.17286132276058197,-0.15081441402435303
0.1496226191520691,-0.17210112512111664,-0.15155206620693207
0.15468384325504303,-0.17326954007148743,-0.15548838675022125
0.1569938361644745,-0.1752103716135025,-0.15979357063770294
0.16043168306350708,-0.18004073202610016,-0.16043224930763245
0.1571311503648758,-0.18194781243801117,-0.15884466469287872
0.16171473264694214,-0.18232694268226624,-0.162006676197052
0.1573198437690735,-0.18593154847621918,-0.16063132882118225
0.16131135821342468,-0.1852860301733017,-0.16369222104549408
0.16237345337867737,-0.18689990043640137,-0.16511768102645874
0.16579373180866241,-0.1855745017528534,-0.16503681242465973
0.1575193703174591,-0.18839284777641296,-0.15826278924942017
0.16422905027866364,-0.19048216938972473,-0.16575901210308075
0.1692029982805252,-0.19232305884361267,-0.16972075402736664
0.16714152693748474,-0.19342496991157532,-0.1655304729938507
0.17228445410728455,-0.19600559771060944,-0.17034947872161865
0.171554833650589,-0.20332132279872894,-0.17072120308876038
0.17915569245815277,-0.20202131569385529,-0.17671024799346924
0.17115353047847748,-0.19713743031024933,-0.17472964525222778
0.17274680733680725,-0.19893555343151093,-0.1743164360523224
0.1781979501247406,-0.2122679054737091,-0.1777435839176178
0.1722753643989563,-0.20527589321136475,-0.17313915491104126
0.17837685346603394,-0.20976771414279938,-0.1833035796880722
0.18474671244621277,-0.20707745850086212,-0.1857908070087433
0.18507269024848938,-0.21876537799835205,-0.1857767254114151
0.1844317615032196,-0.20490337908267975,-0.18532507121562958
0.1865314096212387,-0.20591700077056885,-0.18725836277008057
0.184912770986557,-0.20728619396686554,-0.1860249638557434
0.18482708930969238,-0.2095516473054886,-0.18547987937927246
0.18924778699874878,-0.21563847362995148,-0.19008035957813263
0.1948501616716385,-0.21762795746326447,-0.19631323218345642
0.19153422117233276,-0.2150718867778778,-0.19160299003124237
0.18790747225284576,-0.21940703690052032,-0.1883249580860138
0.19511890411376953,-0.22066207230091095,-0.1949533075094223
0.19829168915748596,-0.2237560749053955,-0.1967410147190094
0.1994425505399704,-0.2245989590883255,-0.19618403911590576
0.19332896173000336,-0.22554601728916168,-0.19181624054908752
0.1931990534067154,-0.2219148427248001,-0.18989063799381256
0.19465100765228271,-0.22205480933189392,-0.1987697333097458
0.2014533281326294,-0.22312986850738525,-0.20273932814598083
0.19938062131404877,-0.22425636649131775,-0.1997857391834259
0.200186088681221,-0.22544941306114197,-0.20009955763816833
0.20316264033317566,-0.22811737656593323,-0.20234592258930206
0.1992311030626297,-0.2316509187221527,-0.19680388271808624
0.19854485988616943,-0.23647548258304596,-0.2034292370080948
0.19603051245212555,-0.23895573616027832,-0.1958446502685547
0.20414505898952484,-0.23609670996665955,-0.20444180071353912
0.20120006799697876,-0.23768287897109985,-0.20542635023593903
0.21495495736598969,-0.2396690398454666,-0.21583294868469238
0.20907320082187653,-0.24067999422550201,-0.20957541465759277
0.21439628303050995,-0.247670978307724,-0.2121877670288086
0.2094937264919281,-0.24778702855110168,-0.20991575717926025
0.20663784444332123,-0.2525300085544586,-0.2089003175497055
0.20644940435886383,-0.2515740990638733,-0.2088933289051056
0.21998587250709534,-0.25304895639419556,-0.22032348811626434
0.21886727213859558,-0.25480353832244873,-0.22011446952819824
0.23007763922214508,-0.2499181032180786,-0.23219594359397888
0.22174479067325592,-0.25036317110061646,-0.22219020128250122
0.23267856240272522,-0.25216051936149597,-0.2317393571138382
0.21748504042625427,-0.25073638558387756,-0.21958376467227936
0.2175590991973877,-0.2544662058353424,-0.21913959085941315
0.23038268089294434,-0.25537246465682983,-0.23248107731342316
0.233352929353714,-0.25664806365966797,-0.2309875190258026
0.2317080795764923,-0.25787249207496643,-0.23767638206481934
0.23699501156806946,-0.25904473662376404,-0.23719964921474457
0.23474358022212982,-0.26058077812194824,-0.23521412909030914
0.23263582587242126,-0.26396071910858154,-0.23297414183616638
0.24011820554733276,-0.2669348418712616,-0.2389686107635498
0.23513230681419373,-0.26907187700271606,-0.23533697426319122
0.22929415106773376,-0.2668600380420685,-0.22956904768943787
0.23930557072162628,-0.2700667679309845,-0.24082767963409424
0.2323535531759262,-0.2737872898578644,-0.22972320020198822
0.2338390052318573,-0.27107012271881104,-0.2418365478515625
0.24618588387966156,-0.27256590127944946,-0.24583490192890167
0.24265804886817932,-0.27760395407676697,-0.2362377941608429
0.22975194454193115,-0.2760777473449707,-0.2339354157447815
0.24509866535663605,-0.2801055908203125,-0.24603459239006042
0.24997848272323608,-0.2774233818054199,-0.24940627813339233
0.24201378226280212,-0.2792796790599823,-0.23974765837192535
0.23959524929523468,-0.28424379229545593,-0.24592353403568268
0.24568064510822296,-0.2820653021335602,-0.24316850304603577
0.24563021957874298,-0.28651437163352966,-0.24841322004795074
0.24230697751045227,-0.28929582238197327,-0.24580833315849304
0.2509414553642273,-0.2890463173389435,-0.2521311640739441
0.2502104640007019,-0.28513404726982117,-0.25040626525878906
0.2503998875617981,-0.28297537565231323,-0.2504579722881317
0.24886782467365265,-0.28927695751190186,-0.24946272373199463
0.2539716064929962,-0.2898009121417999,-0.25431689620018005
0.25273653864860535,-0.29243844747543335,-0.2581552565097809
0.261350154876709,-0.2936524450778961,-0.26276296377182007
0.25240522623062134,-0.2987135350704193,-0.2537994086742401
0.2637644112110138,-0.29615554213523865,-0.26506564021110535
0.2673332989215851,-0.29685401916503906,-0.26829129457473755
0.2628079354763031,-0.2982155978679657,-0.2624950408935547
0.2587757706642151,-0.30055490136146545,-0.2598077654838562
0.27594345808029175,-0.30092674493789673,-0.27577802538871765
0.26554492115974426,-0.3025715947151184,-0.26592686772346497
0.2672862708568573,-0.30527690052986145,-0.27051931619644165
0.2628379166126251,-0.31010404229164124,-0.26254209876060486
0.2627268433570862,-0.31201693415641785,-0.2628632187843323
0.26961785554885864,-0.30962419509887695,-0.2681187093257904
0.2751181721687317,-0.31157705187797546,-0.27660757303237915
0.27264508605003357,-0.316638320684433,-0.2754569351673126
0.2814655900001526,-0.3135659396648407,-0.2830878794193268
0.26799288392066956,-0.31336236000061035,-0.273221492767334
0.27140066027641296,-0.3163973093032837,-0.27228716015815735
0.2758890688419342,-0.3222193121910095,-0.2813878357410431
0.2773760259151459,-0.3221793472766876,-0.2779770493507385
0.2800197899341583,-0.3242988586425781,-0.28842395544052124
0.2898399531841278,-0.3275870978832245,-0.29160767793655396
0.2955954372882843,-0.32440999150276184,-0.29392609000205994
0.2803759276866913,-0.32974135875701904,-0.2781451940536499
0.27736809849739075,-0.3287653625011444,-0.28315818309783936
0.27977415919303894,-0.3308476507663727,-0.2834264934062958
0.29347601532936096,-0.3341238498687744,-0.2927086651325226
0.28655654191970825,-0.3319551944732666,-0.28966957330703735
0.28955796360969543,-0.3339940905570984,-0.2889460027217865
0.2900136709213257,-0.33896106481552124,-0.29248619079589844
0.296291321516037,-0.33692723512649536,-0.29477810859680176
0.2927575707435608,-0.33780065178871155,-0.2906513512134552
0.30037006735801697,-0.34231802821159363,-0.2981676161289215
0.2821396291255951,-0.34114664793014526,-0.2824995815753937
0.29411810636520386,-0.34333983063697815,-0.2984603941440582
0.3084174394607544,-0.34544721245765686,-0.3096660375595093
0.3019263446331024,-0.3478243350982666,-0.3025239408016205
0.30827048420906067,-0.3473150432109833,-0.30921006202697754
0.30387136340141296,-0.3425352871417999,-0.30220815539360046
0.29643285274505615,-0.34969693422317505,-0.2999313771724701
0.2935667335987091,-0.3520079255104065,-0.29596665501594543
0.3014352023601532,-0.3545047640800476,-0.29878175258636475
0.3055647909641266,-0.3552915155887604,-0.3116723895072937
0.3164828419685364,-0.3552009165287018,-0.3179585039615631
0.31217366456985474,-0.36040064692497253,-0.31270429491996765
0.3212328553199768,-0.3606472313404083,-0.32184597849845886
0.31663015484809875,-0.36377984285354614,-0.3151988983154297
0.31741753220558167,-0.36695194244384766,-0.31716492772102356
0.3127143383026123,-0.36867353320121765,-0.3134259879589081
0.32235822081565857,-0.37232908606529236,-0.3229229748249054
0.3205370604991913,-0.3687395453453064,-0.3150193393230438
0.3089587390422821,-0.36689189076423645,-0.31677788496017456
0.3083391487598419,-0.3709210455417633,-0.30894339084625244
0.31876519322395325,-0.37379905581474304,-0.31651318073272705
0.32144638895988464,-0.38087743520736694,-0.3248242735862732
0.3186757266521454,-0.37636640667915344,-0.32278192043304443
0.3289485573768616,-0.3735920786857605,-0.3272847533226013
0.32700562477111816,-0.37417030334472656,-0.3291265666484833
0.32834944128990173,-0.37604254484176636,-0.329339861869812
0.3311561346054077,-0.3754279613494873,-0.329380601644516
0.32503536343574524,-0.3797174096107483,-0.32673731446266174
0.3368508517742157,-0.37342286109924316,-0.3393397927284241
0.339947372674942,-0.38124099373817444,-0.34038206934928894
0.34666329622268677,-0.38145384192466736,-0.3460223972797394
0.3353514075279236,-0.38347503542900085,-0.33537429571151733
0.34628331661224365,-0.3903745710849762,-0.3454708158969879
0.34257712960243225,-0.3871975541114807,-0.3414660692214966
0.34515097737312317,-0.3915136158466339,-0.3413618206977844
0.3452008366584778,-0.3899761140346527,-0.3447945713996887
0.3142094016075134,-0.3908315896987915,-0.32565826177597046
0.3362032473087311,-0.39555323123931885,-0.33421802520751953
0.3455321192741394,-0.39723846316337585,-0.3455020785331726
0.34654203057289124,-0.3982658386230469,-0.34366291761398315
0.32640770077705383,-0.40085622668266296,-0.3223211467266083
0.3352491557598114,-0.401069700717926,-0.33686918020248413
0.3518745005130768,-0.39815953373908997,-0.3524499833583832
0.3302445411682129,-0.3972080647945404,-0.32759326696395874
0.34403494000434875,-0.39913538098335266,-0.34110206365585327
0.338793009519577,-0.4072290360927582,-0.3333834409713745
0.3441152274608612,-0.40271255373954773,-0.34234803915023804
0.33977290987968445,-0.3904818296432495,-0.33706584572792053
0.3461751341819763,-0.3994627892971039,-0.34612932801246643
0.3249514102935791,-0.4009387493133545,-0.3223680555820465
0.3500400483608246,-0.4033609926700592,-0.345821350812912
0.33877718448638916,-0.40310150384902954,-0.34081143140792847
0.34755849838256836,-0.4024839401245117,-0.34958261251449585
0.3502975404262543,-0.4075635075569153,-0.35045763850212097
0.3461024761199951,-0.4133164882659912,-0.3500109612941742
0.3606489598751068,-0.4147499203681946,-0.36016708612442017
0.35358792543411255,-0.41037097573280334,-0.35257330536842346
0.35384753346443176,-0.40768420696258545,-0.35810166597366333
0.3644667863845825,-0.4134206473827362,-0.3577178418636322
0.35393890738487244,-0.417569637298584,-0.3459702432155609
0.355909138917923,-0.41733095049858093,-0.3604610562324524
0.35078194737434387,-0.41948238015174866,-0.3508567810058594
0.36188408732414246,-0.4202181100845337,-0.35924291610717773
0.3422033488750458,-0.4227234125137329,-0.34070640802383423
0.3746674954891205,-0.42254915833473206,-0.3719893991947174
0.3635859489440918,-0.4268673062324524,-0.36096176505088806
0.36002275347709656,-0.4222610294818878,-0.3648454546928406
0.3645392060279846,-0.42265382409095764,-0.3643242418766022
0.3701953887939453,-0.42355021834373474,-0.36935892701148987
0.3730936646461487,-0.41150155663490295,-0.37817105650901794
0.3759287893772125,-0.42669984698295593,-0.37748923897743225
0.373740553855896,-0.43055570125579834,-0.3757757842540741
0.3772526681423187,-0.4349415600299835,-0.3781399428844452
0.37776580452919006,-0.43132483959198,-0.378067284822464
0.38202738761901855,-0.4319291114807129,-0.38288676738739014
0.38975706696510315,-0.4346941411495209,-0.39009538292884827
0.3772677779197693,-0.4386236071586609,-0.3773031234741211
0.3684190511703491,-0.43606817722320557,-0.36912986636161804
0.3756650686264038,-0.438019335269928,-0.3753974735736847
0.3766092360019684,-0.4402781128883362,-0.37059012055397034
0.3761499524116516,-0.44418075680732727,-0.38102251291275024
0.3692481517791748,-0.4462071657180786,-0.39114251732826233
0.3897477090358734,-0.44800662994384766,-0.39073505997657776
0.3957424759864807,-0.4460267424583435,-0.3954066336154938
0.39572086930274963,-0.448498010635376,-0.39561954140663147
0.39695850014686584,-0.45028406381607056,-0.39774760603904724
0.39221444725990295,-0.45151883363723755,-0.3922867774963379
0.39024752378463745,-0.45016488432884216,-0.39026781916618347
0.4096139669418335,-0.45084303617477417,-0.4076635539531708
0.4000326693058014,-0.4526523947715759,-0.40019431710243225
0.4065770208835602,-0.4595069885253906,-0.40533769130706787
0.40260306000709534,-0.4538789391517639,-0.4032338559627533
0.3991936445236206,-0.45472514629364014,-0.40042421221733093
0.40777286887168884,-0.45656949281692505,-0.40920162200927734
0.4025246798992157,-0.45681360363960266,-0.403327077627182
0.40020930767059326,-0.4612048864364624,-0.4033556580543518
0.3956780433654785,-0.4650307297706604,-0.40198633074760437
0.4014871418476105,-0.465114951133728,-0.40071919560432434
0.3919074535369873,-0.4661806523799896,-0.3935735821723938
0.41106706857681274,-0.4682047367095947,-0.41227617859840393
0.42155376076698303,-0.4724174737930298,-0.4201381206512451
0.4227079749107361,-0.4710094630718231,-0.4215630888938904
0.4149973392486572,-0.4755064845085144,-0.41705188155174255
0.41339898109436035,-0.4799712300300598,-0.4140157401561737
0.4158436059951782,-0.4830314517021179,-0.41607123613357544
0.42580631375312805,-0.4788276255130768,-0.4195943772792816
0.41289669275283813,-0.48094868659973145,-0.4105393886566162
0.41476938128471375,-0.480546772480011,-0.4125300347805023
0.40956050157546997,-0.48348259925842285,-0.40858960151672363
0.3992900848388672,-0.48177602887153625,-0.3994750380516052
0.42687785625457764,-0.48411935567855835,-0.4257243573665619
0.42405474185943604,-0.48454925417900085,-0.42969390749931335
0.421215295791626,-0.4847729504108429,-0.42194628715515137
0.4338557720184326,-0.4859964847564697,-0.4344542324542999
0.41935449838638306,-0.48750171065330505,-0.4195288121700287
0.422085165977478,-0.48927199840545654,-0.4203649163246155
0.42774707078933716,-0.4912119507789612,-0.4281664490699768
0.4278424084186554,-0.4935198128223419,-0.4339820444583893
0.4344211220741272,-0.49572211503982544,-0.43662405014038086
0.43818819522857666,-0.49798887968063354,-0.438985139131546
0.4334092438220978,-0.49196702241897583,-0.43324390053749084
0.438076913356781,-0.503202497959137,-0.4359356462955475
0.4380815029144287,-0.5067026019096375,-0.43473875522613525
0.43930816650390625,-0.5001082420349121,-0.4340038001537323
0.427408367395401,-0.5051569938659668,-0.4328930377960205
0.4306184649467468,-0.505094587802887,-0.42626306414604187
0.4427028298377991,-0.506994366645813,-0.4399718642234802
0.4266273081302643,-0.5080251693725586,-0.4287492632865906
0.4446737766265869,-0.5094287991523743,-0.44582265615463257
0.45491456985473633,-0.510552167892456,-0.45700040459632874
0.4572174549102783,-0.5090709924697876,-0.45160117745399475
0.44889530539512634,-0.5135589241981506,-0.4378384053707123
0.43424487113952637,-0.5140150189399719,-0.43764346837997437
0.4515146315097809,-0.515195369720459,-0.4515851140022278
0.44602468609809875,-0.5176458954811096,-0.44726476073265076
0.4539884626865387,-0.5225744843482971,-0.450398325920105
0.4448873996734619,-0.5253999829292297,-0.44027280807495117
0.4427012801170349,-0.5283600091934204,-0.4401836097240448
0.43630364537239075,-0.5299108624458313,-0.4380846619606018
0.4522407352924347,-0.5295827388763428,-0.4499657154083252
0.44578683376312256,-0.5243293046951294,-0.44372910261154175
0.4563566744327545,-0.5253890752792358,-0.4550234079360962
0.4599268138408661,-0.523817777633667,-0.45738375186920166
0.44706547260284424,-0.523960530757904,-0.43976765871047974
0.4418296813964844,-0.5276615619659424,-0.4487467110157013
0.4481472373008728,-0.5277456641197205,-0.4569895267486572
0.4630074203014374,-0.5258793830871582,-0.46281179785728455
0.4556320607662201,-0.5261621475219727,-0.455933153629303
0.4734928607940674,-0.5273073315620422,-0.46969711780548096
0.4632037580013275,-0.5293188691139221,-0.46048057079315186
0.46754926443099976,-0.5251179933547974,-0.4660717248916626
0.4435192942619324,-0.5248189568519592,-0.4402167797088623
0.46581077575683594,-0.531039297580719,-0.46710342168807983
0.44090375304222107,-0.5287289619445801,-0.44321557879447937
0.4627237617969513,-0.530002236366272,-0.46197471022605896
0.46844327449798584,-0.5312958359718323,-0.4580967426300049
0.46549293398857117,-0.53242427110672,-0.4601851999759674
0.4634951651096344,-0.5327095985412598,-0.45684826374053955
0.461624413728714,-0.5326326489448547,-0.4568546414375305
0.4672418236732483,-0.5238086581230164,-0.4666215777397156
0.4511726498603821,-0.5342028141021729,-0.45215362310409546
0.4628283679485321,-0.5388706922531128,-0.4603036642074585
0.4710484743118286,-0.5417823791503906,-0.47085145115852356
0.46372291445732117,-0.5433100461959839,-0.47616684436798096
0.48038652539253235,-0.5438594222068787,-0.48117759823799133
0.48104414343833923,-0.544650673866272,-0.48076045513153076
0.4884416162967682,-0.5366138815879822,-0.4871303141117096
0.48149216175079346,-0.5389421582221985,-0.4790344834327698
0.47277194261550903,-0.5396749377250671,-0.4713614583015442
0.47372668981552124,-0.541060209274292,-0.4681406021118164
0.48050346970558167,-0.5423818826675415,-0.4774673283100128
0.4764055609703064,-0.5431830286979675,-0.4770720601081848
0.47568804025650024,-0.5461679100990295,-0.47352632880210876
0.4827935993671417,-0.5490646362304688,-0.48310667276382446
0.4742119312286377,-0.5531134009361267,-0.47309932112693787
0.47333821654319763,-0.5487297177314758,-0.4848630428314209
0.4908069670200348,-0.5548774003982544,-0.492278128862381
0.48820775747299194,-0.5509728193283081,-0.48930954933166504
0.4965340197086334,-0.552925705909729,-0.4969020187854767
0.49440017342567444,-0.557133138179779,-0.4979049563407898
0.5024948120117188,-0.5568458437919617,-0.503998339176178
0.49822866916656494,-0.558935821056366,-0.49687495827674866
0.5042446255683899,-0.5557750463485718,-0.5027462244033813
0.4852663278579712,-0.5566823482513428,-0.4847368597984314
0.5070488452911377,-0.5605072975158691,-0.5079001188278198
0.501284122467041,-0.5537123680114746,-0.5047287344932556
0.47409868240356445,-0.5628248453140259,-0.4944937825202942
0.5008276104927063,-0.5665849447250366,-0.49983516335487366
0.4936296343803406,-0.5638814568519592,-0.49844053387641907
0.491401344537735,-0.5635434985160828,-0.49220260977745056
0.49930742383003235,-0.5651177167892456,-0.49394935369491577
0.48979729413986206,-0.5672286748886108,-0.4873206913471222
0.4994000494480133,-0.5724276900291443,-0.49491310119628906
0.4835923910140991,-0.568708062171936,-0.48659199476242065
0.5042665600776672,-0.5714664459228516,-0.5037328004837036
0.49797752499580383,-0.5759096741676331,-0.49738413095474243
0.49942612648010254,-0.5719594955444336,-0.506190299987793
0.49143221974372864,-0.5761263966560364,-0.49484094977378845
0.5039312839508057,-0.5756689310073853,-0.5132387280464172
0.5049698352813721,-0.578106164932251,-0.5059992074966431
0.5169399380683899,-0.5768423676490784,-0.5168275833129883
0.502063512802124,-0.5745730996131897,-0.5099369883537292
0.5342497825622559,-0.5778658986091614,-0.5365128517150879
0.5180331468582153,-0.5795773863792419,-0.5180997252464294
0.5359703302383423,-0.5823249220848083,-0.5278077721595764
0.5350122451782227,-0.5853800773620605,-0.5360898375511169
0.5172191262245178,-0.5837172865867615,-0.5172790288925171
0.5158325433731079,-0.5868492126464844,-0.5122477412223816
0.5145869255065918,-0.5845191478729248,-0.5157798528671265
0.5286641120910645,-0.585929811000824,-0.5322532653808594
0.5246637463569641,-0.5841594338417053,-0.5249712467193604
0.5222243666648865,-0.5847004652023315,-0.5185472369194031
0.5283643007278442,-0.5859286189079285,-0.5248175263404846
0.5169060826301575,-0.5872721076011658,-0.5180741548538208
0.5065943002700806,-0.5895812511444092,-0.5036537051200867
0.532879114151001,-0.591423511505127,-0.5292003154754639
0.5276237726211548,-0.5933782458305359,-0.5342759490013123
0.529029905796051,-0.5959675312042236,-0.5281103253364563
0.5188714861869812,-0.5944238901138306,-0.5167825818061829
0.5323954224586487,-0.5949479341506958,-0.5270755290985107
0.5240998268127441,-0.5963904857635498,-0.5348131656646729
0.5486907362937927,-0.5978241562843323,-0.5475835800170898
0.534180223941803,-0.5985037088394165,-0.5334214568138123
0.5331459045410156,-0.597758412361145,-0.5291269421577454
0.5356142520904541,-0.5990756750106812,-0.5379528403282166
0.5406489968299866,-0.5901129245758057,-0.5421656370162964
0.5401706099510193,-0.6007182598114014,-0.5407975912094116
0.541616678237915,-0.6016183495521545,-0.5420562624931335
0.5349205732345581,-0.5918269157409668,-0.535523533821106
0.551123857498169,-0.601210355758667,-0.5493873357772827
0.5402714610099792,-0.5915324091911316,-0.5400537848472595
0.5289459824562073,-0.6060974597930908,-0.5249345302581787
0.5344404578208923,-0.6080429553985596,-0.5369397401809692
0.5430046319961548,-0.6093875169754028,-0.5419826507568359
0.5336131453514099,-0.6076672077178955,-0.5269696116447449
0.5286275148391724,-0.6071857213973999,-0.5317842960357666
0.5390825867652893,-0.6118535995483398,-0.5424623489379883
0.5432552099227905,-0.6123851537704468,-0.5434108376502991
0.550517737865448,-0.6137475967407227,-0.544765293598175
0.5453620553016663,-0.6150690913200378,-0.5425114035606384
0.5415541529655457,-0.6151639223098755,-0.5410389304161072
0.5570963025093079,-0.6161562204360962,-0.5559835433959961
0.5485382676124573,-0.617453932762146,-0.5398367643356323
0.5553824305534363,-0.6183189749717712,-0.5631632208824158
0.5535812377929688,-0.6190521717071533,-0.5544044971466064
0.5647425055503845,-0.6187740564346313,-0.5632010102272034
0.5560024380683899,-0.6194513440132141,-0.5561881065368652
0.5580291748046875,-0.6202871203422546,-0.5566312074661255
0.557459831237793,-0.6195013523101807,-0.5561437010765076
0.5580480694770813,-0.6208661794662476,-0.5567303895950317
0.5576723217964172,-0.6230305433273315,-0.5563132166862488
0.5586657524108887,-0.6240151524543762,-0.5451095700263977
0.5483426451683044,-0.6264928579330444,-0.5488861203193665
0.5502573251724243,-0.6287810206413269,-0.5463640093803406
0.5496328473091125,-0.6309143900871277,-0.5508007407188416
0.5614014267921448,-0.6297022700309753,-0.5611347556114197
0.552609384059906,-0.6305879950523376,-0.5506225228309631
0.5577913522720337,-0.6338353157043457,-0.5714036822319031
0.5663353204727173,-0.6203579306602478,-0.5679211616516113
0.5498994588851929,-0.6304641366004944,-0.5473654866218567
0.5652870535850525,-0.6247236132621765,-0.5575495958328247
0.5654239058494568,-0.644711971282959,-0.5894910097122192
0.5768264532089233,-0.6415354013442993,-0.5720548033714294
0.5688847303390503,-0.6420954465866089,-0.5696183443069458
0.5918129682540894,-0.6427562832832336,-0.5883697867393494
0.5802717804908752,-0.6430320739746094,-0.5785530209541321
0.5824014544487,-0.6416311264038086,-0.5756086111068726
0.5738053321838379,-0.6426697373390198,-0.5693111419677734
0.5633272528648376,-0.6447872519493103,-0.5661284923553467
0.5775362849235535,-0.6466540098190308,-0.5740720629692078
0.5709787011146545,-0.6446071863174438,-0.575654149055481
0.5664912462234497,-0.6437442302703857,-0.5683001279830933
0.5818625092506409,-0.6423225402832031,-0.5747978687286377
0.5827611684799194,-0.6434872150421143,-0.5789400339126587
0.5672690272331238,-0.6402494311332703,-0.572724461555481
0.6004042029380798,-0.6300559639930725,-0.601518452167511
0.5948061943054199,-0.6454098224639893,-0.5859435200691223
0.5808826088905334,-0.6481274366378784,-0.582076370716095
0.58761066198349,-0.646966814994812,-0.5880835056304932
0.5892685055732727,-0.6369755268096924,-0.586459755897522
0.5767765045166016,-0.6400115489959717,-0.5744813680648804
0.6061846017837524,-0.6537248492240906,-0.6036084890365601
0.5892744064331055,-0.6553335189819336,-0.5848875641822815
0.583284854888916,-0.6571635603904724,-0.5813643336296082
0.5915977954864502,-0.6584519147872925,-0.5918806195259094
0.5846531391143799,-0.6595941781997681,-0.5875298976898193
0.5905020236968994,-0.6567203998565674,-0.5900944471359253
0.5852302312850952,-0.655883252620697,-0.5829060077667236
0.6025070548057556,-0.6552982330322266,-0.6061677932739258
0.5737277269363403,-0.6551176309585571,-0.5765826106071472
0.599389910697937,-0.655806303024292,-0.5957600474357605
0.5951175689697266,-0.6542200446128845,-0.5968305468559265
0.6043117642402649,-0.6579636335372925,-0.5976828336715698
0.5962153077125549,-0.6584780216217041,-0.5888878703117371
0.5713641047477722,-0.6587538123130798,-0.5727434754371643
0.5835379958152771,-0.6597120761871338,-0.5945853590965271
0.5484213829040527,-0.6596822738647461,-0.54488605260849
0.5838216543197632,-0.6607710123062134,-0.5779116749763489
0.5933046340942383,-0.6620693802833557,-0.5990511775016785
0.6092803478240967,-0.6632421016693115,-0.6020315885543823
0.6043692231178284,-0.6644002199172974,-0.6054085493087769
0.6062501072883606,-0.6649225950241089,-0.595988929271698
0.5923464894294739,-0.6647099256515503,-0.6000071167945862
0.6108624935150146,-0.6654448509216309,-0.6109707951545715
0.5992466807365417,-0.6664305925369263,-0.5977281332015991
0.6188353896141052,-0.667996346950531,-0.6142829060554504
0.6136532425880432,-0.6686215996742249,-0.5933544039726257
0.609959065914154,-0.6632159948348999,-0.6136906743049622
0.5873070955276489,-0.6698318123817444,-0.6057953238487244
0.6250273585319519,-0.6688392758369446,-0.6247581839561462
0.6078424453735352,-0.665636420249939,-0.6078913807868958
0.604703962802887,-0.6690202951431274,-0.6050295233726501
0.6291061043739319,-0.6697347164154053,-0.6276175379753113
0.627972424030304,-0.6699544191360474,-0.6277236938476562
0.6081857085227966,-0.6694653630256653,-0.60797119140625
0.6077018976211548,-0.6691486239433289,-0.6061081886291504
0.6036977767944336,-0.667633593082428,-0.6029230356216431
0.6188873052597046,-0.6666168570518494,-0.6195698976516724
0.6207122206687927,-0.6499811410903931,-0.6192277073860168
0.621326744556427,-0.6691515445709229,-0.6214624047279358
0.623876690864563,-0.6677075028419495,-0.6238192319869995
0.6055430173873901,-0.6572725176811218,-0.598293125629425
0.5829225778579712,-0.6710989475250244,-0.5791000127792358
0.6350629329681396,-0.6703537106513977,-0.6351600885391235
0.617681622505188,-0.6743284463882446,-0.6148238182067871
0.6206721663475037,-0.6760414838790894,-0.617426335811615
0.6199957132339478,-0.6770065426826477,-0.6201551556587219
0.6179819107055664,-0.6770907044410706,-0.6200317144393921
0.6228379011154175,-0.6770414113998413,-0.620790958404541
0.6045512557029724,-0.6768433451652527,-0.6015045046806335
0.6096738576889038,-0.6773545145988464,-0.6070359945297241
0.6202873587608337,-0.6785799264907837,-0.6235510110855103
0.6145531535148621,-0.6767838597297668,-0.6134874820709229
0.6030724048614502,-0.6767353415489197,-0.5966586470603943
0.6146256923675537,-0.6778450012207031,-0.6163956522941589
0.6009261012077332,-0.6785138249397278,-0.6018812656402588
0.6179381608963013,-0.6791077852249146,-0.6375759840011597
0.6117458343505859,-0.678647518157959,-0.6113365888595581
0.6176532506942749,-0.6721261143684387,-0.6117081046104431
0.6193151473999023,-0.6795958280563354,-0.6180524230003357
0.6192944049835205,-0.680293619632721,-0.6245006322860718
0.6231671571731567,-0.6800179481506348,-0.6234405636787415
0.6062247157096863,-0.6810044050216675,-0.603158712387085
0.6039884090423584,-0.6818411350250244,-0.5994970798492432
0.6126294732093811,-0.6841161251068115,-0.6085863709449768
0.604138195514679,-0.6842061281204224,-0.6071190237998962
0.6181628108024597,-0.6839798092842102,-0.6164804697036743
0.6099035143852234,-0.6846840381622314,-0.6106702089309692
0.603596568107605,-0.6849377155303955,-0.6153892874717712
0.6182869076728821,-0.6786547899246216,-0.6208776831626892
0.6235383749008179,-0.6867942810058594,-0.6240109205245972
0.6257248520851135,-0.685202956199646,-0.6297651529312134
0.6362825036048889,-0.6874213218688965,-0.636488139629364
0.6282830834388733,-0.6902127265930176,-0.6287253499031067
0.6348881125450134,-0.692225456237793,-0.6352858543395996
0.6264516115188599,-0.6951653361320496,-0.6267999410629272
0.6251332759857178,-0.699766993522644,-0.6266944408416748
0.6148791909217834,-0.6948422789573669,-0.6154607534408569
0.6209536194801331,-0.6960193514823914,-0.6192208528518677
0.6269243359565735,-0.6739482879638672,-0.6151112914085388
0.6245536208152771,-0.700999915599823,-0.6207270622253418
0.6212279796600342,-0.7020927667617798,-0.6346316337585449
0.6312226057052612,-0.7031429409980774,-0.6324537992477417
0.651450514793396,-0.705854594707489,-0.6520758271217346
0.6245501041412354,-0.7092183232307434,-0.624890923500061
0.653343141078949,-0.7083282470703125,-0.6518749594688416
0.6511815786361694,-0.7117221355438232,-0.6449068784713745
0.632003128528595,-0.7066677212715149,-0.6197460293769836
0.632732629776001,-0.7084239721298218,-0.628539502620697
0.6249213218688965,-0.7083307504653931,-0.635190486907959
0.636580765247345,-0.7097205519676208,-0.6325219869613647
0.6413130164146423,-0.7104141712188721,-0.6375347375869751
0.6444541215896606,-0.7102351188659668,-0.64609694480896
0.63583904504776,-0.7020410299301147,-0.6308353543281555
0.6320839524269104,-0.7110762000083923,-0.633088231086731
0.6377708911895752,-0.7130556106567383,-0.631493330001831
0.6372292637825012,-0.7136421203613281,-0.6438048481941223
0.6728248596191406,-0.7144615054130554,-0.6641356348991394
0.6529141068458557,-0.7151660919189453,-0.6423899531364441
0.6584687829017639,-0.7160507440567017,-0.662779688835144
0.6415950655937195,-0.7164326906204224,-0.6394971609115601
0.6474171280860901,-0.7168487906455994,-0.6449851393699646
0.6048130989074707,-0.7157844305038452,-0.6114911437034607
0.6508709192276001,-0.7118032574653625,-0.6533337235450745
0.6616281270980835,-0.7207620143890381,-0.6622461080551147
0.661329984664917,-0.7226485013961792,-0.6622997522354126
0.6695569753646851,-0.7239559292793274,-0.6689924597740173
0.6403929591178894,-0.7252686619758606,-0.6406099200248718
0.6632250547409058,-0.7266287803649902,-0.6636171936988831
0.6396557092666626,-0.7272868752479553,-0.6361293196678162
0.6775617599487305,-0.7261279821395874,-0.674696683883667
0.667850911617279,-0.7257074117660522,-0.6595847606658936
0.6592527627944946,-0.7262251973152161,-0.6447863578796387
0.6541378498077393,-0.7277483344078064,-0.6565338969230652
0.6463523507118225,-0.7297446727752686,-0.6377586722373962
0.6397833228111267,-0.7261596918106079,-0.6444428563117981
0.6728634834289551,-0.7253388166427612,-0.6784798502922058
0.6571006774902344,-0.7214060425758362,-0.6535041332244873
0.6559098958969116,-0.7280855774879456,-0.6466091871261597
0.6480979919433594,-0.7298699617385864,-0.658462405204773
0.666081964969635,-0.7314006090164185,-0.6648950576782227
0.667644739151001,-0.7295276522636414,-0.6711304783821106
0.6718920469284058,-0.7324863076210022,-0.6669658422470093
0.6908506155014038,-0.733290433883667,-0.6971938610076904
0.6767417788505554,-0.725419282913208,-0.6776909232139587
0.671049952507019,-0.7315087914466858,-0.6694523096084595
0.6681497693061829,-0.7317025661468506,-0.6642715930938721
0.6634634137153625,-0.7326654195785522,-0.6688005924224854
0.6527255773544312,-0.732265830039978,-0.6603983044624329
0.661333441734314,-0.7325281500816345,-0.6540501117706299
0.6652939915657043,-0.7292811870574951,-0.676002562046051
0.6678462624549866,-0.7205682396888733,-0.6667370200157166
0.6804630160331726,-0.7359245419502258,-0.6812182664871216
0.6890195608139038,-0.736545205116272,-0.6888366937637329
0.672031819820404,-0.7372825145721436,-0.6726334691047668
0.6862092018127441,-0.7377647757530212,-0.6855351328849792
0.69883131980896,-0.7384849786758423,-0.6959350109100342
0.6518433690071106,-0.7398062944412231,-0.6470528841018677
0.68086177110672,-0.7423644661903381,-0.6837431788444519
0.6581509113311768,-0.7434223890304565,-0.6543382406234741
0.6542050838470459,-0.7394421696662903,-0.664383590221405
0.6780499815940857,-0.7407008409500122,-0.6789130568504333
0.7000454068183899,-0.7455745339393616,-0.7002120614051819
0.7001792192459106,-0.7473297119140625,-0.6984638571739197
0.6712238788604736,-0.7483932971954346,-0.6676064729690552
0.6653808951377869,-0.7486549019813538,-0.6551704406738281
0.67816162109375,-0.749755322933197,-0.6826139092445374
0.6670836210250854,-0.7511117458343506,-0.6630503535270691
0.6700664758682251,-0.7525187730789185,-0.6581511497497559
0.6718614101409912,-0.7541050910949707,-0.6821346282958984
0.6871230006217957,-0.7551412582397461,-0.6865614056587219
0.7150649428367615,-0.7538789510726929,-0.716194748878479
0.6731216907501221,-0.7546753883361816,-0.6644819378852844
0.6734958291053772,-0.7564097046852112,-0.6701184511184692
0.6832127571105957,-0.7581771016120911,-0.6785680055618286
0.6831470727920532,-0.7513322234153748,-0.6863042712211609
0.6833387613296509,-0.7558722496032715,-0.6831742525100708
0.6739649772644043,-0.7529704570770264,-0.6686795949935913
0.6735477447509766,-0.7483636736869812,-0.6797001361846924
0.669695258140564,-0.7460518479347229,-0.6593348383903503
0.6655300855636597,-0.7459619045257568,-0.6648218631744385
0.6663964986801147,-0.745733380317688,-0.6715502738952637
0.6588647961616516,-0.7465150952339172,-0.6609576344490051
0.675179123878479,-0.7463564872741699,-0.6721399426460266
0.6676217317581177,-0.7457759380340576,-0.6751950979232788
0.6684786081314087,-0.7445395588874817,-0.6687732934951782
0.6574941277503967,-0.7459176182746887,-0.6753435730934143
0.6853722333908081,-0.7423412799835205,-0.6921666860580444
0.6789879202842712,-0.747645914554596,-0.677995502948761
0.6954993009567261,-0.7482151985168457,-0.6953995823860168
0.6791816353797913,-0.7489091157913208,-0.6764563918113708
0.6796726584434509,-0.7415401935577393,-0.6784768104553223
0.7113140225410461,-0.7518960237503052,-0.7098725438117981
0.6662902235984802,-0.7530599236488342,-0.6670504808425903
0.6758524775505066,-0.7541823387145996,-0.6930195093154907
0.690043568611145,-0.7552918791770935,-0.69126296043396
0.6831297874450684,-0.7562021017074585,-0.684675931930542
0.6882793307304382,-0.7474842071533203,-0.6881224513053894
0.6922459602355957,-0.7588356137275696,-0.6931582689285278
0.6885112524032593,-0.7591115236282349,-0.6888708472251892
0.7040777206420898,-0.7602838277816772,-0.704592227935791
0.6947288513183594,-0.7585954070091248,-0.6951698064804077
0.6993513107299805,-0.7624138593673706,-0.6979528069496155
0.7004778981208801,-0.7628685832023621,-0.6974623799324036
0.7004777789115906,-0.763028085231781,-0.7009674310684204
0.7033675312995911,-0.7641181945800781,-0.7028923034667969
0.7084460854530334,-0.764543354511261,-0.7102686166763306
0.7036077380180359,-0.7658866047859192,-0.7044308185577393
0.7018663287162781,-0.7670797109603882,-0.7026767730712891
0.6949514150619507,-0.7680752277374268,-0.6952643990516663
0.69384765625,-0.7695035934448242,-0.6941923499107361
0.6919378042221069,-0.7635243535041809,-0.7026965618133545
0.6992200016975403,-0.7705444097518921,-0.6990694999694824
0.6918014883995056,-0.7579581141471863,-0.692539393901825
0.7076549530029297,-0.7707163095474243,-0.706462562084198
0.7077804803848267,-0.770595133304596,-0.70774906873703
0.7067950963973999,-0.7696923613548279,-0.7082447409629822
0.7174631953239441,-0.7748692035675049,-0.7168036699295044
0.6878911256790161,-0.7772071361541748,-0.688676118850708
0.7002681493759155,-0.7790159583091736,-0.6994743943214417
0.7177507281303406,-0.7805123925209045,-0.7160788178443909
0.7158912420272827,-0.7791639566421509,-0.7112442255020142
0.7195455431938171,-0.7784138321876526,-0.7190348505973816
0.7036606073379517,-0.7720155119895935,-0.7048478722572327
0.7124512195587158,-0.7790152430534363,-0.7130569815635681
0.7066817879676819,-0.7797180414199829,-0.7069357633590698
0.6890036463737488,-0.7801792025566101,-0.7134528160095215
0.7092084884643555,-0.780271589756012,-0.7092123031616211
0.7453258037567139,-0.780902087688446,-0.7416525483131409
0.7267993688583374,-0.7813827395439148,-0.7275680899620056
0.7098998427391052,-0.7823137044906616,-0.7104972004890442
0.713925302028656,-0.7838778495788574,-0.7121980786323547
0.7142415046691895,-0.7849190831184387,-0.7140365839004517
0.7175498604774475,-0.7858061790466309,-0.7185747623443604
0.71700119972229,-0.7853162288665771,-0.7176377773284912
0.7180857062339783,-0.7861716151237488,-0.716830849647522
0.758873701095581,-0.7876078486442566,-0.7513511180877686
0.7157188653945923,-0.7864371538162231,-0.7156425714492798
0.7280173897743225,-0.7828226089477539,-0.7290903329849243
0.7371127605438232,-0.7883632183074951,-0.7373365163803101
0.7215852737426758,-0.7899993658065796,-0.7208607792854309
0.713019609451294,-0.7924237847328186,-0.709863543510437
0.735167920589447,-0.7928266525268555,-0.7381046414375305
0.7252659797668457,-0.7952879071235657,-0.7257113456726074
0.741540789604187,-0.7956617474555969,-0.7416840195655823
0.7422983050346375,-0.796389639377594,-0.7424138784408569
0.7368977069854736,-0.7970356941223145,-0.7371256351470947
0.7236936688423157,-0.7979589104652405,-0.7239181995391846
0.7153460383415222,-0.7990128993988037,-0.7162534594535828
0.7254716157913208,-0.7999677658081055,-0.7257903218269348
0.7285401821136475,-0.8011234998703003,-0.7291169166564941
0.7327082753181458,-0.8031579256057739,-0.732246458530426
0.729411780834198,-0.8050195574760437,-0.7296069264411926
0.7447031736373901,-0.806035578250885,-0.7436697483062744
0.7328457832336426,-0.8062758445739746,-0.7311421036720276
0.756467342376709,-0.8059343695640564,-0.7553637027740479
0.727935791015625,-0.8048737645149231,-0.7358264327049255
0.751342236995697,-0.8054318428039551,-0.7489932179450989
0.7399625778198242,-0.8070758581161499,-0.7413257360458374
0.7323832511901855,-0.8041830062866211,-0.7308101058006287
0.7552958130836487,-0.810881495475769,-0.7573996186256409
0.7554745674133301,-0.8116857409477234,-0.7566593289375305
0.756138026714325,-0.8122040629386902,-0.7557820081710815
0.7794418931007385,-0.8128082752227783,-0.7805838584899902
0.7500293850898743,-0.8131029605865479,-0.7477949857711792
0.7431969046592712,-0.8134549856185913,-0.7433934807777405
0.7410327196121216,-0.8135091662406921,-0.7408208250999451
0.7592384219169617,-0.8140716552734375,-0.759174108505249
0.7469186782836914,-0.8140240907669067,-0.7478378415107727
0.7833969593048096,-0.8160536885261536,-0.781462550163269
0.7388288974761963,-0.8157376050949097,-0.7385395765304565
0.7458275556564331,-0.815865159034729,-0.7547030448913574
0.7911179661750793,-0.8159199953079224,-0.7858465313911438
0.7585013508796692,-0.8155108690261841,-0.7578040361404419
0.759721577167511,-0.7978520393371582,-0.7596475481987
0.7479916214942932,-0.8177870512008667,-0.7507327198982239
0.7500933408737183,-0.8154563903808594,-0.7505167722702026
0.7366399765014648,-0.8167609572410583,-0.7374520301818848
0.7611724138259888,-0.8192497491836548,-0.7611900568008423
0.7590884566307068,-0.8216805458068848,-0.7585950493812561
0.7861663699150085,-0.822594165802002,-0.784491240978241
0.7710381746292114,-0.8228282928466797,-0.7693848013877869
0.7333109378814697,-0.824691116809845,-0.7343723773956299
0.7785245180130005,-0.8262928128242493,-0.776147186756134
0.7608317136764526,-0.8191444873809814,-0.7650403380393982
0.752446174621582,-0.8260245323181152,-0.7523785829544067
0.7734890580177307,-0.8285325765609741,-0.7814303636550903
0.751028299331665,-0.8296684622764587,-0.7526299357414246
0.7550564408302307,-0.8307686448097229,-0.7546999454498291
0.7721121311187744,-0.83173006772995,-0.7716049551963806
0.7853133678436279,-0.832328200340271,-0.7840936183929443
0.7600688338279724,-0.8317553997039795,-0.7603037357330322
0.7426515817642212,-0.8316547274589539,-0.7432877421379089
0.7613429427146912,-0.8318333625793457,-0.7603667378425598
0.7669583559036255,-0.8324291706085205,-0.765988826751709
0.7706912159919739,-0.832527220249176,-0.7708722949028015
0.7562463283538818,-0.8328379392623901,-0.7576175928115845
0.7675159573554993,-0.8316115736961365,-0.769859254360199
0.7768644094467163,-0.8217582106590271,-0.7777377367019653
0.7731584906578064,-0.8350341320037842,-0.7756520509719849
0.7606298327445984,-0.8368487358093262,-0.7619385123252869
0.7583007216453552,-0.8384860157966614,-0.7644477486610413
0.7655913233757019,-0.8394433259963989,-0.7661510705947876
0.7788180708885193,-0.8413673639297485,-0.7783647775650024
0.7622157335281372,-0.8426003456115723,-0.7602987885475159
0.7664124369621277,-0.8376705050468445,-0.7688359022140503
0.7706848978996277,-0.8451513051986694,-0.7711113095283508
0.7740923762321472,-0.8463734984397888,-0.774284303188324
0.7787320017814636,-0.8465403914451599,-0.7783181667327881
0.7673531770706177,-0.8468494415283203,-0.761161208152771
0.7792850732803345,-0.8471442461013794,-0.7815344929695129
0.7664254307746887,-0.8459465503692627,-0.7662952542304993
0.7815952301025391,-0.8459372520446777,-0.7803311944007874
0.7716975212097168,-0.8470159769058228,-0.7703397274017334
0.7831018567085266,-0.8474028706550598,-0.7824158668518066
0.7855187058448792,-0.8483678102493286,-0.7861475944519043
0.7730080485343933,-0.8497454524040222,-0.7716336846351624
0.7725092768669128,-0.8482363820075989,-0.7716052532196045
0.7682526707649231,-0.8479539155960083,-0.7665349841117859
0.7704887986183167,-0.8492714166641235,-0.7702921628952026
0.7939445972442627,-0.8503113985061646,-0.7930464744567871
0.7500596046447754,-0.8509649634361267,-0.7512373328208923
0.7646353840827942,-0.8523162007331848,-0.765869140625
0.783011257648468,-0.853493332862854,-0.7831828594207764
0.7803838849067688,-0.8546179533004761,-0.7811139822006226
0.7744106650352478,-0.8551497459411621,-0.7732291221618652
0.778661847114563,-0.8521498441696167,-0.7778112292289734
0.7953256368637085,-0.8549274206161499,-0.7921921014785767
0.7741754651069641,-0.8570548295974731,-0.7747393846511841
0.7982696890830994,-0.8581258058547974,-0.798425555229187
0.7853218913078308,-0.8597385883331299,-0.7849694490432739
0.7739781141281128,-0.8594838380813599,-0.7781535387039185
0.7873679399490356,-0.8603273630142212,-0.7885797023773193
0.7996611595153809,-0.8515987396240234,-0.8008472323417664
0.7738067507743835,-0.8611174821853638,-0.7751386761665344
0.7868404388427734,-0.8603314161300659,-0.7870609164237976
0.7905861139297485,-0.8616282343864441,-0.7894014716148376
0.7941461205482483,-0.8632038831710815,-0.7904810309410095
0.8147215247154236,-0.8621895909309387,-0.812568724155426
0.7897067070007324,-0.8617681860923767,-0.7899866700172424
0.7885470986366272,-0.8607837557792664,-0.7911801934242249
0.7742844223976135,-0.8480600118637085,-0.776599109172821
0.7761584520339966,-0.8554115891456604,-0.7818921804428101
0.7871649265289307,-0.8428183197975159,-0.7921128273010254
0.817804753780365,-0.8619497418403625,-0.8206420540809631
0.7956947088241577,-0.8544379472732544,-0.7947784066200256
0.13488425314426422,-0.14017054438591003,-0.13496850430965424
0.1358681619167328,-0.14912930130958557,-0.13476446270942688
0.1361377239227295,-0.14397907257080078,-0.13615255057811737
0.13923430442810059,-0.14490221440792084,-0.1392645537853241
0.1394287645816803,-0.15202288329601288,-0.13943259418010712
0.14195773005485535,-0.1548357754945755,-0.1416933834552765
0.13883629441261292,-0.16523851454257965,-0.13897156715393066
0.14439505338668823,-0.15785826742649078,-0.14461788535118103
0.1419837325811386,-0.15720640122890472,-0.14302489161491394
0.14091609418392181,-0.1579512357711792,-0.14103282988071442
0.14467722177505493,-0.15543821454048157,-0.14456738531589508
0.14368882775306702,-0.156825989484787,-0.1439974308013916
0.14211300015449524,-0.1657348871231079,-0.14246076345443726
0.14562992751598358,-0.16490817070007324,-0.14560139179229736
0.15007217228412628,-0.1707102656364441,-0.1508898138999939
0.11027143895626068,-0.16776758432388306,-0.1500197798013687
0.14838595688343048,-0.16470487415790558,-0.1496739387512207
0.15257976949214935,-0.17035746574401855,-0.15434232354164124
0.15521420538425446,-0.17216530442237854,-0.156150221824646
0.15562789142131805,-0.17687027156352997,-0.15627969801425934
0.15754523873329163,-0.17595849931240082,-0.15708903968334198
0.1553170382976532,-0.17571032047271729,-0.15489999949932098
0.1499709188938141,-0.17834405601024628,-0.15017248690128326
0.15214474499225616,-0.1788674294948578,-0.15514518320560455
0.1580178290605545,-0.18305501341819763,-0.15953102707862854
0.1608889400959015,-0.1796838641166687,-0.1606627255678177
0.1600063145160675,-0.18252912163734436,-0.1599413901567459
0.16372768580913544,-0.1845044642686844,-0.16515251994132996
0.16144095361232758,-0.18533441424369812,-0.16193938255310059
0.1676701158285141,-0.18644440174102783,-0.1682102084159851
0.15856370329856873,-0.18548409640789032,-0.16667748987674713
0.16619904339313507,-0.19235634803771973,-0.16659121215343475
0.16504690051078796,-0.1861836016178131,-0.1643984019756317
0.16881276667118073,-0.1896088719367981,-0.16883017122745514
0.17050671577453613,-0.19227029383182526,-0.17104962468147278
0.16956958174705505,-0.1879553347826004,-0.1703300178050995
0.1736098676919937,-0.19657742977142334,-0.17503584921360016
0.166669562458992,-0.20078322291374207,-0.1665051132440567
0.17616607248783112,-0.19770704209804535,-0.17633014917373657
0.17397423088550568,-0.202030211687088,-0.17482468485832214
0.17646342515945435,-0.1928650587797165,-0.1762966811656952
0.177179217338562,-0.19937847554683685,-0.17798689007759094
0.18134929239749908,-0.2019900679588318,-0.18099439144134521
0.17396746575832367,-0.20921984314918518,-0.18069030344486237
0.18473343551158905,-0.210941880941391,-0.1857610046863556
0.18335376679897308,-0.21452826261520386,-0.19024915993213654
0.18639922142028809,-0.21155893802642822,-0.18628302216529846
0.18929161131381989,-0.21690142154693604,-0.1876835972070694
0.18765321373939514,-0.2114248424768448,-0.18750372529029846
0.1907426118850708,-0.21823665499687195,-0.19017229974269867
0.19799204170703888,-0.21730053424835205,-0.1995266079902649
0.1937466263771057,-0.22018900513648987,-0.19211584329605103
0.19719959795475006,-0.22194065153598785,-0.19464731216430664
0.19736796617507935,-0.2221842110157013,-0.20118722319602966
0.19347262382507324,-0.22330760955810547,-0.19212912023067474
0.19869720935821533,-0.22327597439289093,-0.19938966631889343
0.1961079090833664,-0.22682850062847137,-0.19451220333576202
0.19679486751556396,-0.22670026123523712,-0.19859305024147034
0.19728609919548035,-0.22476865351200104,-0.1980637013912201
0.20111650228500366,-0.22857217490673065,-0.2001631259918213
0.20054377615451813,-0.23188021779060364,-0.19851458072662354
0.2043989896774292,-0.2327093482017517,-0.20199978351593018
0.2041494995355606,-0.23684878647327423,-0.20507295429706573
0.20024579763412476,-0.23990528285503387,-0.19935011863708496
0.2080225944519043,-0.23166273534297943,-0.2055501937866211
0.20609435439109802,-0.23779509961605072,-0.20812468230724335
0.20541034638881683,-0.24359223246574402,-0.20849046111106873
0.21142467856407166,-0.24051344394683838,-0.21164503693580627
0.21310871839523315,-0.2404022216796875,-0.21302248537540436
0.22014537453651428,-0.24182990193367004,-0.21527305245399475
0.21744142472743988,-0.24336370825767517,-0.2189733386039734
0.21483923494815826,-0.24297164380550385,-0.21913178265094757
0.2222001850605011,-0.24611897766590118,-0.22327116131782532
0.21470524370670319,-0.2464957982301712,-0.21322092413902283
0.22231599688529968,-0.24819132685661316,-0.220282182097435
0.2227165251970291,-0.24356086552143097,-0.21526500582695007
0.21445317566394806,-0.2502148151397705,-0.21456961333751678
